image_name,min_component_area,dice,iou,precision,recall,foreground_ratio,target_foreground_ratio
cju34aozyyy830993bn16u32n.jpg,0,0.7425055635554392,0.5904642931501145,0.697354185108685,0.7939085157605957,0.310272216796875,0.2725372314453125
cju34aozyyy830993bn16u32n.jpg,50,0.7425250039273185,0.5904888814857999,0.6973884817783899,0.7939085157605957,0.3102569580078125,0.2725372314453125
cju34aozyyy830993bn16u32n.jpg,100,0.7425250039273185,0.5904888814857999,0.6973884817783899,0.7939085157605957,0.3102569580078125,0.2725372314453125
cju34aozyyy830993bn16u32n.jpg,200,0.7425250039273185,0.5904888814857999,0.6973884817783899,0.7939085157605957,0.3102569580078125,0.2725372314453125
cju34aozyyy830993bn16u32n.jpg,500,0.7425250039273185,0.5904888814857999,0.6973884817783899,0.7939085157605957,0.3102569580078125,0.2725372314453125
cju40m0rjkpw80871z6n6yg1u.jpg,0,0.5443872347834738,0.3739917976760082,0.42667758412289936,0.751786205001374,0.3913421630859375,0.22210693359375
cju40m0rjkpw80871z6n6yg1u.jpg,50,0.5448208906922904,0.3744012590666484,0.4272106187780597,0.751786205001374,0.3908538818359375,0.22210693359375
cju40m0rjkpw80871z6n6yg1u.jpg,100,0.5448208906922904,0.3744012590666484,0.4272106187780597,0.751786205001374,0.3908538818359375,0.22210693359375
cju40m0rjkpw80871z6n6yg1u.jpg,200,0.5448208906922904,0.3744012590666484,0.4272106187780597,0.751786205001374,0.3908538818359375,0.22210693359375
cju40m0rjkpw80871z6n6yg1u.jpg,500,0.5490442024986203,0.37840174279885197,0.4324270923891567,0.751786205001374,0.386138916015625,0.22210693359375
cju77j66ez52p08019xygi0co.jpg,0,0.30972067039106144,0.18323638286620836,0.18455392809587218,0.9625,0.1718902587890625,0.032958984375
cju77j66ez52p08019xygi0co.jpg,50,0.30972067039106144,0.18323638286620836,0.18455392809587218,0.9625,0.1718902587890625,0.032958984375
cju77j66ez52p08019xygi0co.jpg,100,0.30972067039106144,0.18323638286620836,0.18455392809587218,0.9625,0.1718902587890625,0.032958984375
cju77j66ez52p08019xygi0co.jpg,200,0.30972067039106144,0.18323638286620836,0.18455392809587218,0.9625,0.1718902587890625,0.032958984375
cju77j66ez52p08019xygi0co.jpg,500,0.30972067039106144,0.18323638286620836,0.18455392809587218,0.9625,0.1718902587890625,0.032958984375
cju8c1a0ws7o208181c6lbsom.jpg,0,0.5905842678585767,0.4190277250284846,0.7572928821470245,0.48403088532069843,0.2223052978515625,0.347808837890625
cju8c1a0ws7o208181c6lbsom.jpg,50,0.5907423767836586,0.4191869300911854,0.7578130366096573,0.48403088532069843,0.2221527099609375,0.347808837890625
cju8c1a0ws7o208181c6lbsom.jpg,100,0.5907423767836586,0.4191869300911854,0.7578130366096573,0.48403088532069843,0.2221527099609375,0.347808837890625
cju8c1a0ws7o208181c6lbsom.jpg,200,0.5907423767836586,0.4191869300911854,0.7578130366096573,0.48403088532069843,0.2221527099609375,0.347808837890625
cju8c1a0ws7o208181c6lbsom.jpg,500,0.5907423767836586,0.4191869300911854,0.7578130366096573,0.48403088532069843,0.2221527099609375,0.347808837890625
cju1expq45zst0855rjqwwj4m.jpg,0,0.7797418630751964,0.6389974706829156,0.8259034712315739,0.7384672619047619,0.2567138671875,0.287109375
cju1expq45zst0855rjqwwj4m.jpg,50,0.7796391390970059,0.6388595079328582,0.8258724213780394,0.7383078231292517,0.2566680908203125,0.287109375
cju1expq45zst0855rjqwwj4m.jpg,100,0.7796391390970059,0.6388595079328582,0.8258724213780394,0.7383078231292517,0.2566680908203125,0.287109375
cju1expq45zst0855rjqwwj4m.jpg,200,0.7796391390970059,0.6388595079328582,0.8258724213780394,0.7383078231292517,0.2566680908203125,0.287109375
cju1expq45zst0855rjqwwj4m.jpg,500,0.7796391390970059,0.6388595079328582,0.8258724213780394,0.7383078231292517,0.2566680908203125,0.287109375
cju2r11x7sdgx0988o8ule0wl.jpg,0,0.6260623229461756,0.4556701030927835,0.46236668877889475,0.9691945662637715,0.2990264892578125,0.1426544189453125
cju2r11x7sdgx0988o8ule0wl.jpg,50,0.6260623229461756,0.4556701030927835,0.46236668877889475,0.9691945662637715,0.2990264892578125,0.1426544189453125
cju2r11x7sdgx0988o8ule0wl.jpg,100,0.6260623229461756,0.4556701030927835,0.46236668877889475,0.9691945662637715,0.2990264892578125,0.1426544189453125
cju2r11x7sdgx0988o8ule0wl.jpg,200,0.6260623229461756,0.4556701030927835,0.46236668877889475,0.9691945662637715,0.2990264892578125,0.1426544189453125
cju2r11x7sdgx0988o8ule0wl.jpg,500,0.6260623229461756,0.4556701030927835,0.46236668877889475,0.9691945662637715,0.2990264892578125,0.1426544189453125
cju3x4blzieu30850x10uuvbm.jpg,0,0.36841423948220064,0.22580133291018725,0.2664794007490637,0.5966457023060797,0.1629638671875,0.072784423828125
cju3x4blzieu30850x10uuvbm.jpg,50,0.36841423948220064,0.22580133291018725,0.2664794007490637,0.5966457023060797,0.1629638671875,0.072784423828125
cju3x4blzieu30850x10uuvbm.jpg,100,0.36841423948220064,0.22580133291018725,0.2664794007490637,0.5966457023060797,0.1629638671875,0.072784423828125
cju3x4blzieu30850x10uuvbm.jpg,200,0.36841423948220064,0.22580133291018725,0.2664794007490637,0.5966457023060797,0.1629638671875,0.072784423828125
cju3x4blzieu30850x10uuvbm.jpg,500,0.36841423948220064,0.22580133291018725,0.2664794007490637,0.5966457023060797,0.1629638671875,0.072784423828125
cju7b5afm1nfw0801xqm8bf8q.jpg,0,0.6627838104639684,0.4956444706924553,0.5361763296597988,0.867666063582321,0.0955352783203125,0.0590362548828125
cju7b5afm1nfw0801xqm8bf8q.jpg,50,0.6627838104639684,0.4956444706924553,0.5361763296597988,0.867666063582321,0.0955352783203125,0.0590362548828125
cju7b5afm1nfw0801xqm8bf8q.jpg,100,0.6627838104639684,0.4956444706924553,0.5361763296597988,0.867666063582321,0.0955352783203125,0.0590362548828125
cju7b5afm1nfw0801xqm8bf8q.jpg,200,0.6627838104639684,0.4956444706924553,0.5361763296597988,0.867666063582321,0.0955352783203125,0.0590362548828125
cju7b5afm1nfw0801xqm8bf8q.jpg,500,0.6627838104639684,0.4956444706924553,0.5361763296597988,0.867666063582321,0.0955352783203125,0.0590362548828125
cju2uwz9f5yf1085506cfamfx.jpg,0,0.853090948913103,0.7438174353098443,0.8135770234986945,0.8966390423572744,0.292205810546875,0.26513671875
cju2uwz9f5yf1085506cfamfx.jpg,50,0.8529178190979544,0.7435542398777693,0.8135938561203699,0.8962361878453039,0.2920684814453125,0.26513671875
cju2uwz9f5yf1085506cfamfx.jpg,100,0.8529178190979544,0.7435542398777693,0.8135938561203699,0.8962361878453039,0.2920684814453125,0.26513671875
cju2uwz9f5yf1085506cfamfx.jpg,200,0.8529178190979544,0.7435542398777693,0.8135938561203699,0.8962361878453039,0.2920684814453125,0.26513671875
cju2uwz9f5yf1085506cfamfx.jpg,500,0.8529178190979544,0.7435542398777693,0.8135938561203699,0.8962361878453039,0.2920684814453125,0.26513671875
cju43kj2pm34f0850l28ahpni.jpg,0,0.09793842922677279,0.05149067240076713,0.05149067240076713,1.0,0.2625579833984375,0.013519287109375
cju43kj2pm34f0850l28ahpni.jpg,50,0.09795467108899945,0.05149965124389677,0.05149965124389677,1.0,0.26251220703125,0.013519287109375
cju43kj2pm34f0850l28ahpni.jpg,100,0.09795467108899945,0.05149965124389677,0.05149965124389677,1.0,0.26251220703125,0.013519287109375
cju43kj2pm34f0850l28ahpni.jpg,200,0.09795467108899945,0.05149965124389677,0.05149965124389677,1.0,0.26251220703125,0.013519287109375
cju43kj2pm34f0850l28ahpni.jpg,500,0.09795467108899945,0.05149965124389677,0.05149965124389677,1.0,0.26251220703125,0.013519287109375
cju5wj0faly5008187n6530af.jpg,0,0.8240165631469979,0.7007042253521126,0.9983277591973244,0.7015276145710928,0.063873291015625,0.0908966064453125
cju5wj0faly5008187n6530af.jpg,50,0.8240165631469979,0.7007042253521126,0.9983277591973244,0.7015276145710928,0.063873291015625,0.0908966064453125
cju5wj0faly5008187n6530af.jpg,100,0.8240165631469979,0.7007042253521126,0.9983277591973244,0.7015276145710928,0.063873291015625,0.0908966064453125
cju5wj0faly5008187n6530af.jpg,200,0.8240165631469979,0.7007042253521126,0.9983277591973244,0.7015276145710928,0.063873291015625,0.0908966064453125
cju5wj0faly5008187n6530af.jpg,500,0.8240165631469979,0.7007042253521126,0.9983277591973244,0.7015276145710928,0.063873291015625,0.0908966064453125
cju5vxuc5loxw0818u8xgf45p.jpg,0,0.8513811825070103,0.7412216912528569,0.742533041939848,0.9976230425055929,0.1466217041015625,0.109130859375
cju5vxuc5loxw0818u8xgf45p.jpg,50,0.8513811825070103,0.7412216912528569,0.742533041939848,0.9976230425055929,0.1466217041015625,0.109130859375
cju5vxuc5loxw0818u8xgf45p.jpg,100,0.8513811825070103,0.7412216912528569,0.742533041939848,0.9976230425055929,0.1466217041015625,0.109130859375
cju5vxuc5loxw0818u8xgf45p.jpg,200,0.8580877931449188,0.75144813059505,0.7527959485123443,0.9976230425055929,0.144622802734375,0.109130859375
cju5vxuc5loxw0818u8xgf45p.jpg,500,0.8580877931449188,0.75144813059505,0.7527959485123443,0.9976230425055929,0.144622802734375,0.109130859375
cju2htabevq9108015qjei0x7.jpg,0,0.5649047270062294,0.3936356962752545,0.9473805500076816,0.40243424916791753,0.198638916015625,0.467620849609375
cju2htabevq9108015qjei0x7.jpg,50,0.563885132812321,0.3926462608917685,0.9472549472549473,0.40142269790511,0.1981658935546875,0.467620849609375
cju2htabevq9108015qjei0x7.jpg,100,0.563885132812321,0.3926462608917685,0.9472549472549473,0.40142269790511,0.1981658935546875,0.467620849609375
cju2htabevq9108015qjei0x7.jpg,200,0.563885132812321,0.3926462608917685,0.9472549472549473,0.40142269790511,0.1981658935546875,0.467620849609375
cju2htabevq9108015qjei0x7.jpg,500,0.563885132812321,0.3926462608917685,0.9472549472549473,0.40142269790511,0.1981658935546875,0.467620849609375
cju7druhp2gp308715i6km7be.jpg,0,0.6484306292645944,0.47976126368695027,0.9367388066240252,0.495825990167888,0.1741485595703125,0.329010009765625
cju7druhp2gp308715i6km7be.jpg,50,0.6475282978787971,0.4787740082570454,0.9366166271617944,0.49480567665337166,0.1738128662109375,0.329010009765625
cju7druhp2gp308715i6km7be.jpg,100,0.6475282978787971,0.4787740082570454,0.9366166271617944,0.49480567665337166,0.1738128662109375,0.329010009765625
cju7druhp2gp308715i6km7be.jpg,200,0.6475282978787971,0.4787740082570454,0.9366166271617944,0.49480567665337166,0.1738128662109375,0.329010009765625
cju7druhp2gp308715i6km7be.jpg,500,0.6475282978787971,0.4787740082570454,0.9366166271617944,0.49480567665337166,0.1738128662109375,0.329010009765625
cju2spdagu1l50835da1f46fr.jpg,0,0.3314885927264513,0.19867325526297977,0.19963270303360087,0.9763805721889555,0.224334716796875,0.045867919921875
cju2spdagu1l50835da1f46fr.jpg,50,0.33199479667439624,0.19903702699037026,0.2,0.9763805721889555,0.2239227294921875,0.045867919921875
cju2spdagu1l50835da1f46fr.jpg,100,0.33199479667439624,0.19903702699037026,0.2,0.9763805721889555,0.2239227294921875,0.045867919921875
cju2spdagu1l50835da1f46fr.jpg,200,0.33199479667439624,0.19903702699037026,0.2,0.9763805721889555,0.2239227294921875,0.045867919921875
cju2spdagu1l50835da1f46fr.jpg,500,0.33199479667439624,0.19903702699037026,0.2,0.9763805721889555,0.2239227294921875,0.045867919921875
cju7ehljc2or70871261br8ai.jpg,0,0.6144810358307431,0.443502436070357,0.999813838039094,0.4435390629301327,0.2458953857421875,0.554290771484375
cju7ehljc2or70871261br8ai.jpg,50,0.6145161905488387,0.4435390629301327,1.0,0.4435390629301327,0.245849609375,0.554290771484375
cju7ehljc2or70871261br8ai.jpg,100,0.6145161905488387,0.4435390629301327,1.0,0.4435390629301327,0.245849609375,0.554290771484375
cju7ehljc2or70871261br8ai.jpg,200,0.6145161905488387,0.4435390629301327,1.0,0.4435390629301327,0.245849609375,0.554290771484375
cju7ehljc2or70871261br8ai.jpg,500,0.6145161905488387,0.4435390629301327,1.0,0.4435390629301327,0.245849609375,0.554290771484375
cju7adqyj1jcx08712r1ro5gx.jpg,0,0.8863905994011638,0.7959618506493507,0.9355992844364938,0.842099613568055,0.255889892578125,0.2843017578125
cju7adqyj1jcx08712r1ro5gx.jpg,50,0.8863905994011638,0.7959618506493507,0.9355992844364938,0.842099613568055,0.255889892578125,0.2843017578125
cju7adqyj1jcx08712r1ro5gx.jpg,100,0.8863905994011638,0.7959618506493507,0.9355992844364938,0.842099613568055,0.255889892578125,0.2843017578125
cju7adqyj1jcx08712r1ro5gx.jpg,200,0.8863905994011638,0.7959618506493507,0.9355992844364938,0.842099613568055,0.255889892578125,0.2843017578125
cju7adqyj1jcx08712r1ro5gx.jpg,500,0.8863905994011638,0.7959618506493507,0.9355992844364938,0.842099613568055,0.255889892578125,0.2843017578125
cju2z9vlp9j0w0801oag91sy9.jpg,0,0.8018946781833379,0.6693023255813954,0.7045862575485555,0.9303879310344828,0.0934906005859375,0.07080078125
cju2z9vlp9j0w0801oag91sy9.jpg,50,0.8018946781833379,0.6693023255813954,0.7045862575485555,0.9303879310344828,0.0934906005859375,0.07080078125
cju2z9vlp9j0w0801oag91sy9.jpg,100,0.8018946781833379,0.6693023255813954,0.7045862575485555,0.9303879310344828,0.0934906005859375,0.07080078125
cju2z9vlp9j0w0801oag91sy9.jpg,200,0.8018946781833379,0.6693023255813954,0.7045862575485555,0.9303879310344828,0.0934906005859375,0.07080078125
cju2z9vlp9j0w0801oag91sy9.jpg,500,0.8018946781833379,0.6693023255813954,0.7045862575485555,0.9303879310344828,0.0934906005859375,0.07080078125
cju2ueb6j5ado0878vf5md13o.jpg,0,0.4508095976059424,0.2909968954812004,0.34536968803733725,0.6489230769230769,0.1863555908203125,0.09918212890625
cju2ueb6j5ado0878vf5md13o.jpg,50,0.4508095976059424,0.2909968954812004,0.34536968803733725,0.6489230769230769,0.1863555908203125,0.09918212890625
cju2ueb6j5ado0878vf5md13o.jpg,100,0.4508095976059424,0.2909968954812004,0.34536968803733725,0.6489230769230769,0.1863555908203125,0.09918212890625
cju2ueb6j5ado0878vf5md13o.jpg,200,0.4508095976059424,0.2909968954812004,0.34536968803733725,0.6489230769230769,0.1863555908203125,0.09918212890625
cju2ueb6j5ado0878vf5md13o.jpg,500,0.45917700849118226,0.298007630351844,0.35528975741239893,0.6489230769230769,0.18115234375,0.09918212890625
cju5eyfe9cpk90987laa7tsl3.jpg,0,0.8833649839857147,0.7910955426946898,0.9131020742997773,0.8555037057370299,0.260406494140625,0.2779388427734375
cju5eyfe9cpk90987laa7tsl3.jpg,50,0.883390022675737,0.7911357059450678,0.9131555815997656,0.8555037057370299,0.2603912353515625,0.2779388427734375
cju5eyfe9cpk90987laa7tsl3.jpg,100,0.8855235118624805,0.7945645523149092,0.9177267373380448,0.8555037057370299,0.25909423828125,0.2779388427734375
cju5eyfe9cpk90987laa7tsl3.jpg,200,0.8855235118624805,0.7945645523149092,0.9177267373380448,0.8555037057370299,0.25909423828125,0.2779388427734375
cju5eyfe9cpk90987laa7tsl3.jpg,500,0.8855235118624805,0.7945645523149092,0.9177267373380448,0.8555037057370299,0.25909423828125,0.2779388427734375
cju7d2q1k27nf08715zshsckt.jpg,0,0.6740825449630938,0.5083895248549475,0.6876414027149321,0.6610480527424727,0.2158203125,0.2245025634765625
cju7d2q1k27nf08715zshsckt.jpg,50,0.6740825449630938,0.5083895248549475,0.6876414027149321,0.6610480527424727,0.2158203125,0.2245025634765625
cju7d2q1k27nf08715zshsckt.jpg,100,0.6740825449630938,0.5083895248549475,0.6876414027149321,0.6610480527424727,0.2158203125,0.2245025634765625
cju7d2q1k27nf08715zshsckt.jpg,200,0.6740825449630938,0.5083895248549475,0.6876414027149321,0.6610480527424727,0.2158203125,0.2245025634765625
cju7d2q1k27nf08715zshsckt.jpg,500,0.6740825449630938,0.5083895248549475,0.6876414027149321,0.6610480527424727,0.2158203125,0.2245025634765625
cju32gzs6xo8x0993r8tedbpb.jpg,0,0.5543362831858407,0.3834476003917728,0.5059073287797674,0.6130186780002237,0.165313720703125,0.1364288330078125
cju32gzs6xo8x0993r8tedbpb.jpg,50,0.5573520439292251,0.3863396066821738,0.5109536683136012,0.6130186780002237,0.1636810302734375,0.1364288330078125
cju32gzs6xo8x0993r8tedbpb.jpg,100,0.5573520439292251,0.3863396066821738,0.5109536683136012,0.6130186780002237,0.1636810302734375,0.1364288330078125
cju32gzs6xo8x0993r8tedbpb.jpg,200,0.5604581011299146,0.3893308708623384,0.5161989075155397,0.6130186780002237,0.162017822265625,0.1364288330078125
cju32gzs6xo8x0993r8tedbpb.jpg,500,0.5604581011299146,0.3893308708623384,0.5161989075155397,0.6130186780002237,0.162017822265625,0.1364288330078125
cju88fpm4o0tl0871w1i6a4ds.jpg,0,0.5903418339663592,0.41878367975365666,0.4188911704312115,0.9993876301285977,0.0594482421875,0.0249176025390625
cju88fpm4o0tl0871w1i6a4ds.jpg,50,0.5911972468755661,0.4196451529956287,0.41975308641975306,0.9993876301285977,0.059326171875,0.0249176025390625
cju88fpm4o0tl0871w1i6a4ds.jpg,100,0.5911972468755661,0.4196451529956287,0.41975308641975306,0.9993876301285977,0.059326171875,0.0249176025390625
cju88fpm4o0tl0871w1i6a4ds.jpg,200,0.5911972468755661,0.4196451529956287,0.41975308641975306,0.9993876301285977,0.059326171875,0.0249176025390625
cju88fpm4o0tl0871w1i6a4ds.jpg,500,0.5911972468755661,0.4196451529956287,0.41975308641975306,0.9993876301285977,0.059326171875,0.0249176025390625
cju1cj3f0qi5n0993ut8f49rj.jpg,0,0.8952282869893581,0.8103287552047729,0.9712476722532588,0.8302451448583253,0.2048492431640625,0.2396392822265625
cju1cj3f0qi5n0993ut8f49rj.jpg,50,0.8955357142857143,0.8108326596604689,0.9719716734998136,0.8302451448583253,0.2046966552734375,0.2396392822265625
cju1cj3f0qi5n0993ut8f49rj.jpg,100,0.8955357142857143,0.8108326596604689,0.9719716734998136,0.8302451448583253,0.2046966552734375,0.2396392822265625
cju1cj3f0qi5n0993ut8f49rj.jpg,200,0.8955357142857143,0.8108326596604689,0.9719716734998136,0.8302451448583253,0.2046966552734375,0.2396392822265625
cju1cj3f0qi5n0993ut8f49rj.jpg,500,0.8955357142857143,0.8108326596604689,0.9719716734998136,0.8302451448583253,0.2046966552734375,0.2396392822265625
cju88itqbny720987hxizbj5y.jpg,0,0.5033983187265247,0.33636092022706904,0.707605279698303,0.3906586161426886,0.1213836669921875,0.2198638916015625
cju88itqbny720987hxizbj5y.jpg,50,0.5041211252463716,0.3370066479008205,0.7109286165508528,0.3905198140051357,0.1207733154296875,0.2198638916015625
cju88itqbny720987hxizbj5y.jpg,100,0.5041211252463716,0.3370066479008205,0.7109286165508528,0.3905198140051357,0.1207733154296875,0.2198638916015625
cju88itqbny720987hxizbj5y.jpg,200,0.5041211252463716,0.3370066479008205,0.7109286165508528,0.3905198140051357,0.1207733154296875,0.2198638916015625
cju88itqbny720987hxizbj5y.jpg,500,0.5179352580927384,0.34946871310507677,0.7695675971538041,0.3903116107988063,0.11151123046875,0.2198638916015625
cju1brhsj3rls0855a1vgdlen.jpg,0,0.46459543655805335,0.30258828690502304,0.30285400658616907,0.9971087820744489,0.139007568359375,0.0422210693359375
cju1brhsj3rls0855a1vgdlen.jpg,50,0.4646345570899293,0.30262147636283865,0.302887254363816,0.9971087820744489,0.1389923095703125,0.0422210693359375
cju1brhsj3rls0855a1vgdlen.jpg,100,0.4681428692627471,0.30560478511298184,0.30587583148558756,0.9971087820744489,0.13763427734375,0.0422210693359375
cju1brhsj3rls0855a1vgdlen.jpg,200,0.4681428692627471,0.30560478511298184,0.30587583148558756,0.9971087820744489,0.13763427734375,0.0422210693359375
cju1brhsj3rls0855a1vgdlen.jpg,500,0.4681428692627471,0.30560478511298184,0.30587583148558756,0.9971087820744489,0.13763427734375,0.0422210693359375
cju6x4t13vyw60755gtcf9ndu.jpg,0,0.6842508250825082,0.520046554561143,0.5471666244405033,0.9129852744310576,0.361358642578125,0.2165679931640625
cju6x4t13vyw60755gtcf9ndu.jpg,50,0.6842508250825082,0.520046554561143,0.5471666244405033,0.9129852744310576,0.361358642578125,0.2165679931640625
cju6x4t13vyw60755gtcf9ndu.jpg,100,0.6842508250825082,0.520046554561143,0.5471666244405033,0.9129852744310576,0.361358642578125,0.2165679931640625
cju6x4t13vyw60755gtcf9ndu.jpg,200,0.6842508250825082,0.520046554561143,0.5471666244405033,0.9129852744310576,0.361358642578125,0.2165679931640625
cju6x4t13vyw60755gtcf9ndu.jpg,500,0.6890170951532715,0.5255729061042385,0.5532877882152006,0.9129852744310576,0.35736083984375,0.2165679931640625
cju7ctvqn25dy08186g442m1r.jpg,0,0.47143284475022434,0.30841487279843444,0.4427795467315977,0.5040511727078891,0.162933349609375,0.14312744140625
cju7ctvqn25dy08186g442m1r.jpg,50,0.47121045803811995,0.30822454308093994,0.4428812605514913,0.5034115138592751,0.162689208984375,0.14312744140625
cju7ctvqn25dy08186g442m1r.jpg,100,0.47121045803811995,0.30822454308093994,0.4428812605514913,0.5034115138592751,0.162689208984375,0.14312744140625
cju7ctvqn25dy08186g442m1r.jpg,200,0.47121045803811995,0.30822454308093994,0.4428812605514913,0.5034115138592751,0.162689208984375,0.14312744140625
cju7ctvqn25dy08186g442m1r.jpg,500,0.47121045803811995,0.30822454308093994,0.4428812605514913,0.5034115138592751,0.162689208984375,0.14312744140625
cju1csmlc4ht10799b8ymmghg.jpg,0,0.9321905993962915,0.8729934376577486,0.8898837089636719,0.9787209960384833,0.1482696533203125,0.1348114013671875
cju1csmlc4ht10799b8ymmghg.jpg,50,0.9321905993962915,0.8729934376577486,0.8898837089636719,0.9787209960384833,0.1482696533203125,0.1348114013671875
cju1csmlc4ht10799b8ymmghg.jpg,100,0.9321905993962915,0.8729934376577486,0.8898837089636719,0.9787209960384833,0.1482696533203125,0.1348114013671875
cju1csmlc4ht10799b8ymmghg.jpg,200,0.9321905993962915,0.8729934376577486,0.8898837089636719,0.9787209960384833,0.1482696533203125,0.1348114013671875
cju1csmlc4ht10799b8ymmghg.jpg,500,0.9321905993962915,0.8729934376577486,0.8898837089636719,0.9787209960384833,0.1482696533203125,0.1348114013671875
cju0sr5ghl0nd08789uzf1raf.jpg,0,0.6435218904264789,0.47440639541820784,0.5053701938353988,0.8856220069050006,0.2400970458984375,0.1370086669921875
cju0sr5ghl0nd08789uzf1raf.jpg,50,0.6436260623229462,0.47451963241436923,0.5054986968406332,0.8856220069050006,0.2400360107421875,0.1370086669921875
cju0sr5ghl0nd08789uzf1raf.jpg,100,0.6436260623229462,0.47451963241436923,0.5054986968406332,0.8856220069050006,0.2400360107421875,0.1370086669921875
cju0sr5ghl0nd08789uzf1raf.jpg,200,0.6436260623229462,0.47451963241436923,0.5054986968406332,0.8856220069050006,0.2400360107421875,0.1370086669921875
cju0sr5ghl0nd08789uzf1raf.jpg,500,0.6436260623229462,0.47451963241436923,0.5054986968406332,0.8856220069050006,0.2400360107421875,0.1370086669921875
cju8d2q30tfhs0801n7lx77xl.jpg,0,0.7328866645140458,0.5783907753073836,0.678905256860839,0.7961939840392879,0.2040557861328125,0.1739959716796875
cju8d2q30tfhs0801n7lx77xl.jpg,50,0.7354394491697044,0.5815770930753955,0.6832994656431098,0.7961939840392879,0.2027435302734375,0.1739959716796875
cju8d2q30tfhs0801n7lx77xl.jpg,100,0.7354394491697044,0.5815770930753955,0.6832994656431098,0.7961939840392879,0.2027435302734375,0.1739959716796875
cju8d2q30tfhs0801n7lx77xl.jpg,200,0.7354394491697044,0.5815770930753955,0.6832994656431098,0.7961939840392879,0.2027435302734375,0.1739959716796875
cju8d2q30tfhs0801n7lx77xl.jpg,500,0.7354394491697044,0.5815770930753955,0.6832994656431098,0.7961939840392879,0.2027435302734375,0.1739959716796875
cju7d7tly27h408016fyp5nr7.jpg,0,0.913901179941003,0.841453063995926,0.8889088137720793,0.9403395617945556,0.1701812744140625,0.1608734130859375
cju7d7tly27h408016fyp5nr7.jpg,50,0.913901179941003,0.841453063995926,0.8889088137720793,0.9403395617945556,0.1701812744140625,0.1608734130859375
cju7d7tly27h408016fyp5nr7.jpg,100,0.913901179941003,0.841453063995926,0.8889088137720793,0.9403395617945556,0.1701812744140625,0.1608734130859375
cju7d7tly27h408016fyp5nr7.jpg,200,0.913901179941003,0.841453063995926,0.8889088137720793,0.9403395617945556,0.1701812744140625,0.1608734130859375
cju7d7tly27h408016fyp5nr7.jpg,500,0.913901179941003,0.841453063995926,0.8889088137720793,0.9403395617945556,0.1701812744140625,0.1608734130859375
cju2trbpkv0c00988hxla5dzz.jpg,0,0.5645598781258128,0.39330089045351,0.5070074746396156,0.6368513706094392,0.2286376953125,0.1820220947265625
cju2trbpkv0c00988hxla5dzz.jpg,50,0.5646437994722955,0.39338235294117646,0.5071428571428571,0.6368513706094392,0.22857666015625,0.1820220947265625
cju2trbpkv0c00988hxla5dzz.jpg,100,0.5646437994722955,0.39338235294117646,0.5071428571428571,0.6368513706094392,0.22857666015625,0.1820220947265625
cju2trbpkv0c00988hxla5dzz.jpg,200,0.5646437994722955,0.39338235294117646,0.5071428571428571,0.6368513706094392,0.22857666015625,0.1820220947265625
cju2trbpkv0c00988hxla5dzz.jpg,500,0.5724512094039635,0.4010029031406704,0.5198795592965167,0.6368513706094392,0.2229766845703125,0.1820220947265625
cju5u6wf0kh1t0755bg1ssixv.jpg,0,0.8616635953485416,0.7569498716087976,0.9974010689942627,0.7584458199716608,0.3111724853515625,0.409210205078125
cju5u6wf0kh1t0755bg1ssixv.jpg,50,0.8616635953485416,0.7569498716087976,0.9974010689942627,0.7584458199716608,0.3111724853515625,0.409210205078125
cju5u6wf0kh1t0755bg1ssixv.jpg,100,0.8616635953485416,0.7569498716087976,0.9974010689942627,0.7584458199716608,0.3111724853515625,0.409210205078125
cju5u6wf0kh1t0755bg1ssixv.jpg,200,0.8616635953485416,0.7569498716087976,0.9974010689942627,0.7584458199716608,0.3111724853515625,0.409210205078125
cju5u6wf0kh1t0755bg1ssixv.jpg,500,0.8616635953485416,0.7569498716087976,0.9974010689942627,0.7584458199716608,0.3111724853515625,0.409210205078125
cju5x28nzm7t907558ocq4bt7.jpg,0,0.9061921068882277,0.8284746458632725,0.9530050773408903,0.8637628424657534,0.1292266845703125,0.142578125
cju5x28nzm7t907558ocq4bt7.jpg,50,0.906293863342878,0.8286447638603696,0.9532301877878824,0.8637628424657534,0.1291961669921875,0.142578125
cju5x28nzm7t907558ocq4bt7.jpg,100,0.906293863342878,0.8286447638603696,0.9532301877878824,0.8637628424657534,0.1291961669921875,0.142578125
cju5x28nzm7t907558ocq4bt7.jpg,200,0.906293863342878,0.8286447638603696,0.9532301877878824,0.8637628424657534,0.1291961669921875,0.142578125
cju5x28nzm7t907558ocq4bt7.jpg,500,0.906293863342878,0.8286447638603696,0.9532301877878824,0.8637628424657534,0.1291961669921875,0.142578125
cju15czxqp3lv0835jvhgzurz.jpg,0,0.8974617534357083,0.8139960280129612,0.943424798594706,0.8557692307692307,0.2519073486328125,0.2777099609375
cju15czxqp3lv0835jvhgzurz.jpg,50,0.8974617534357083,0.8139960280129612,0.943424798594706,0.8557692307692307,0.2519073486328125,0.2777099609375
cju15czxqp3lv0835jvhgzurz.jpg,100,0.8974617534357083,0.8139960280129612,0.943424798594706,0.8557692307692307,0.2519073486328125,0.2777099609375
cju15czxqp3lv0835jvhgzurz.jpg,200,0.8974617534357083,0.8139960280129612,0.943424798594706,0.8557692307692307,0.2519073486328125,0.2777099609375
cju15czxqp3lv0835jvhgzurz.jpg,500,0.8974617534357083,0.8139960280129612,0.943424798594706,0.8557692307692307,0.2519073486328125,0.2777099609375
cju32zhbnc1oy0801iyv1ix6p.jpg,0,0.4850943466448323,0.32021422955974843,0.6582163417836582,0.3840759075907591,0.1510772705078125,0.2589111328125
cju32zhbnc1oy0801iyv1ix6p.jpg,50,0.4850943466448323,0.32021422955974843,0.6582163417836582,0.3840759075907591,0.1510772705078125,0.2589111328125
cju32zhbnc1oy0801iyv1ix6p.jpg,100,0.4850943466448323,0.32021422955974843,0.6582163417836582,0.3840759075907591,0.1510772705078125,0.2589111328125
cju32zhbnc1oy0801iyv1ix6p.jpg,200,0.4850943466448323,0.32021422955974843,0.6582163417836582,0.3840759075907591,0.1510772705078125,0.2589111328125
cju32zhbnc1oy0801iyv1ix6p.jpg,500,0.4850943466448323,0.32021422955974843,0.6582163417836582,0.3840759075907591,0.1510772705078125,0.2589111328125
cju84gpefknwm098714oq8q61.jpg,0,0.7389850225388978,0.5860239852398524,0.6504266211604095,0.8554595443833464,0.1788330078125,0.1359710693359375
cju84gpefknwm098714oq8q61.jpg,50,0.7393898239317068,0.5865332820315506,0.6511190842303093,0.8553473235327124,0.178619384765625,0.1359710693359375
cju84gpefknwm098714oq8q61.jpg,100,0.7393898239317068,0.5865332820315506,0.6511190842303093,0.8553473235327124,0.178619384765625,0.1359710693359375
cju84gpefknwm098714oq8q61.jpg,200,0.7393898239317068,0.5865332820315506,0.6511190842303093,0.8553473235327124,0.178619384765625,0.1359710693359375
cju84gpefknwm098714oq8q61.jpg,500,0.7393898239317068,0.5865332820315506,0.6511190842303093,0.8553473235327124,0.178619384765625,0.1359710693359375
cju2ti1du4idn0878giuozonw.jpg,0,0.6624250806823421,0.4952433475803116,0.9994435169727324,0.4953799475934354,0.054840087890625,0.1106414794921875
cju2ti1du4idn0878giuozonw.jpg,50,0.6624250806823421,0.4952433475803116,0.9994435169727324,0.4953799475934354,0.054840087890625,0.1106414794921875
cju2ti1du4idn0878giuozonw.jpg,100,0.6624250806823421,0.4952433475803116,0.9994435169727324,0.4953799475934354,0.054840087890625,0.1106414794921875
cju2ti1du4idn0878giuozonw.jpg,200,0.6624250806823421,0.4952433475803116,0.9994435169727324,0.4953799475934354,0.054840087890625,0.1106414794921875
cju2ti1du4idn0878giuozonw.jpg,500,0.6624250806823421,0.4952433475803116,0.9994435169727324,0.4953799475934354,0.054840087890625,0.1106414794921875
cju2wx0gh7fpz0878wwyd9ep8.jpg,0,0.6105696009747182,0.43943878110270745,0.44215286202713133,0.9862238622386224,0.1383514404296875,0.0620269775390625
cju2wx0gh7fpz0878wwyd9ep8.jpg,50,0.6105696009747182,0.43943878110270745,0.44215286202713133,0.9862238622386224,0.1383514404296875,0.0620269775390625
cju2wx0gh7fpz0878wwyd9ep8.jpg,100,0.6135598408325681,0.44254332707804395,0.4452960124402977,0.9862238622386224,0.1373748779296875,0.0620269775390625
cju2wx0gh7fpz0878wwyd9ep8.jpg,200,0.6135598408325681,0.44254332707804395,0.4452960124402977,0.9862238622386224,0.1373748779296875,0.0620269775390625
cju2wx0gh7fpz0878wwyd9ep8.jpg,500,0.6135598408325681,0.44254332707804395,0.4452960124402977,0.9862238622386224,0.1373748779296875,0.0620269775390625
cju1hmff8tkp809931jps6fbr.jpg,0,0.7250525081815073,0.5686920542487166,0.9994613520064638,0.568866406070361,0.22662353515625,0.398162841796875
cju1hmff8tkp809931jps6fbr.jpg,50,0.7250525081815073,0.5686920542487166,0.9994613520064638,0.568866406070361,0.22662353515625,0.398162841796875
cju1hmff8tkp809931jps6fbr.jpg,100,0.7250525081815073,0.5686920542487166,0.9994613520064638,0.568866406070361,0.22662353515625,0.398162841796875
cju1hmff8tkp809931jps6fbr.jpg,200,0.7250525081815073,0.5686920542487166,0.9994613520064638,0.568866406070361,0.22662353515625,0.398162841796875
cju1hmff8tkp809931jps6fbr.jpg,500,0.7250525081815073,0.5686920542487166,0.9994613520064638,0.568866406070361,0.22662353515625,0.398162841796875
cju426tomlhll0818fc0i7nvh.jpg,0,0.8741897076332849,0.7764982373678025,0.8896068928379106,0.859297789336801,0.056671142578125,0.0586700439453125
cju426tomlhll0818fc0i7nvh.jpg,50,0.8741897076332849,0.7764982373678025,0.8896068928379106,0.859297789336801,0.056671142578125,0.0586700439453125
cju426tomlhll0818fc0i7nvh.jpg,100,0.8741897076332849,0.7764982373678025,0.8896068928379106,0.859297789336801,0.056671142578125,0.0586700439453125
cju426tomlhll0818fc0i7nvh.jpg,200,0.8741897076332849,0.7764982373678025,0.8896068928379106,0.859297789336801,0.056671142578125,0.0586700439453125
cju426tomlhll0818fc0i7nvh.jpg,500,0.8741897076332849,0.7764982373678025,0.8896068928379106,0.859297789336801,0.056671142578125,0.0586700439453125
cju5f8hxdcxxn08188obby0ea.jpg,0,0.7926417878979549,0.6565092115602899,0.7378078696889412,0.8562806058535475,0.1555023193359375,0.1339874267578125
cju5f8hxdcxxn08188obby0ea.jpg,50,0.7926417878979549,0.6565092115602899,0.7378078696889412,0.8562806058535475,0.1555023193359375,0.1339874267578125
cju5f8hxdcxxn08188obby0ea.jpg,100,0.7926417878979549,0.6565092115602899,0.7378078696889412,0.8562806058535475,0.1555023193359375,0.1339874267578125
cju5f8hxdcxxn08188obby0ea.jpg,200,0.7926417878979549,0.6565092115602899,0.7378078696889412,0.8562806058535475,0.1555023193359375,0.1339874267578125
cju5f8hxdcxxn08188obby0ea.jpg,500,0.7926417878979549,0.6565092115602899,0.7378078696889412,0.8562806058535475,0.1555023193359375,0.1339874267578125
cju40wto5kxwi0755it190f2k.jpg,0,0.4251114922813036,0.26993116668118844,0.28043812799855167,0.8781179138321995,0.1685638427734375,0.0538330078125
cju40wto5kxwi0755it190f2k.jpg,50,0.426281389748882,0.2708752295182303,0.2814572544744254,0.8781179138321995,0.1679534912109375,0.0538330078125
cju40wto5kxwi0755it190f2k.jpg,100,0.426281389748882,0.2708752295182303,0.2814572544744254,0.8781179138321995,0.1679534912109375,0.0538330078125
cju40wto5kxwi0755it190f2k.jpg,200,0.43204797433930686,0.2755492306323935,0.28650698233607697,0.8781179138321995,0.1649932861328125,0.0538330078125
cju40wto5kxwi0755it190f2k.jpg,500,0.43204797433930686,0.2755492306323935,0.28650698233607697,0.8781179138321995,0.1649932861328125,0.0538330078125
cju84kplnl1y30755ropua1b0.jpg,0,0.8182639984401865,0.6924253787310635,0.9668663343526159,0.7092551622418879,0.3642730712890625,0.49658203125
cju84kplnl1y30755ropua1b0.jpg,50,0.8182639984401865,0.6924253787310635,0.9668663343526159,0.7092551622418879,0.3642730712890625,0.49658203125
cju84kplnl1y30755ropua1b0.jpg,100,0.8182639984401865,0.6924253787310635,0.9668663343526159,0.7092551622418879,0.3642730712890625,0.49658203125
cju84kplnl1y30755ropua1b0.jpg,200,0.8182639984401865,0.6924253787310635,0.9668663343526159,0.7092551622418879,0.3642730712890625,0.49658203125
cju84kplnl1y30755ropua1b0.jpg,500,0.8182639984401865,0.6924253787310635,0.9668663343526159,0.7092551622418879,0.3642730712890625,0.49658203125
cju8dk7eztzup08182yxko5zh.jpg,0,0.7081075943351393,0.5481165391406709,0.5526706231454006,0.9851891034117958,0.10284423828125,0.0576934814453125
cju8dk7eztzup08182yxko5zh.jpg,50,0.7099294835143892,0.5503028512335648,0.5548934902428124,0.9851891034117958,0.1024322509765625,0.0576934814453125
cju8dk7eztzup08182yxko5zh.jpg,100,0.7099294835143892,0.5503028512335648,0.5548934902428124,0.9851891034117958,0.1024322509765625,0.0576934814453125
cju8dk7eztzup08182yxko5zh.jpg,200,0.7099294835143892,0.5503028512335648,0.5548934902428124,0.9851891034117958,0.1024322509765625,0.0576934814453125
cju8dk7eztzup08182yxko5zh.jpg,500,0.7306786975284425,0.5756451862154226,0.5806703039750585,0.9851891034117958,0.0978851318359375,0.0576934814453125
cju7aez2x1jtj0871ztezs3oi.jpg,0,0.2133761369716426,0.11942980354575947,0.11948705656759348,0.996003996003996,0.254638671875,0.030548095703125
cju7aez2x1jtj0871ztezs3oi.jpg,50,0.2133761369716426,0.11942980354575947,0.11948705656759348,0.996003996003996,0.254638671875,0.030548095703125
cju7aez2x1jtj0871ztezs3oi.jpg,100,0.2133761369716426,0.11942980354575947,0.11948705656759348,0.996003996003996,0.254638671875,0.030548095703125
cju7aez2x1jtj0871ztezs3oi.jpg,200,0.2133761369716426,0.11942980354575947,0.11948705656759348,0.996003996003996,0.254638671875,0.030548095703125
cju7aez2x1jtj0871ztezs3oi.jpg,500,0.2133761369716426,0.11942980354575947,0.11948705656759348,0.996003996003996,0.254638671875,0.030548095703125
cju85l4yjlops0801fvmnwptf.jpg,0,0.6092848590399478,0.4381090282941338,0.8364465032875075,0.479155966444102,0.2042236328125,0.35650634765625
cju85l4yjlops0801fvmnwptf.jpg,50,0.6089441737662974,0.4377568191601769,0.8363364485981308,0.47877075843177536,0.2040863037109375,0.35650634765625
cju85l4yjlops0801fvmnwptf.jpg,100,0.6089441737662974,0.4377568191601769,0.8363364485981308,0.47877075843177536,0.2040863037109375,0.35650634765625
cju85l4yjlops0801fvmnwptf.jpg,200,0.6089441737662974,0.4377568191601769,0.8363364485981308,0.47877075843177536,0.2040863037109375,0.35650634765625
cju85l4yjlops0801fvmnwptf.jpg,500,0.6089441737662974,0.4377568191601769,0.8363364485981308,0.47877075843177536,0.2040863037109375,0.35650634765625
cju30qbm1ad3x0855znuhpz9u.jpg,0,0.8482605877268798,0.7365039163266264,0.9499697519661222,0.7662242607592467,0.252227783203125,0.312713623046875
cju30qbm1ad3x0855znuhpz9u.jpg,50,0.8486043935258991,0.7370224349948371,0.9508325764456554,0.7662242607592467,0.2519989013671875,0.312713623046875
cju30qbm1ad3x0855znuhpz9u.jpg,100,0.8486043935258991,0.7370224349948371,0.9508325764456554,0.7662242607592467,0.2519989013671875,0.312713623046875
cju30qbm1ad3x0855znuhpz9u.jpg,200,0.8486043935258991,0.7370224349948371,0.9508325764456554,0.7662242607592467,0.2519989013671875,0.312713623046875
cju30qbm1ad3x0855znuhpz9u.jpg,500,0.8541434360466698,0.7454191588341403,0.9648540706605223,0.7662242607592467,0.2483367919921875,0.312713623046875
cju7d4jk723eu0817bqz2n39m.jpg,0,0.8518105284511613,0.7418727915194346,0.7494868362338242,0.9864912486784917,0.1709747314453125,0.1298980712890625
cju7d4jk723eu0817bqz2n39m.jpg,50,0.8518105284511613,0.7418727915194346,0.7494868362338242,0.9864912486784917,0.1709747314453125,0.1298980712890625
cju7d4jk723eu0817bqz2n39m.jpg,100,0.8518105284511613,0.7418727915194346,0.7494868362338242,0.9864912486784917,0.1709747314453125,0.1298980712890625
cju7d4jk723eu0817bqz2n39m.jpg,200,0.8518105284511613,0.7418727915194346,0.7494868362338242,0.9864912486784917,0.1709747314453125,0.1298980712890625
cju7d4jk723eu0817bqz2n39m.jpg,500,0.8518105284511613,0.7418727915194346,0.7494868362338242,0.9864912486784917,0.1709747314453125,0.1298980712890625
cju2rn0hasxri0835nfy3buay.jpg,0,0.046076136503634346,0.023581336696090794,0.026844674131495837,0.16246741963509992,0.21258544921875,0.035125732421875
cju2rn0hasxri0835nfy3buay.jpg,50,0.046076136503634346,0.023581336696090794,0.026844674131495837,0.16246741963509992,0.21258544921875,0.035125732421875
cju2rn0hasxri0835nfy3buay.jpg,100,0.046076136503634346,0.023581336696090794,0.026844674131495837,0.16246741963509992,0.21258544921875,0.035125732421875
cju2rn0hasxri0835nfy3buay.jpg,200,0.046076136503634346,0.023581336696090794,0.026844674131495837,0.16246741963509992,0.21258544921875,0.035125732421875
cju2rn0hasxri0835nfy3buay.jpg,500,0.046076136503634346,0.023581336696090794,0.026844674131495837,0.16246741963509992,0.21258544921875,0.035125732421875
cju7b2l561oas0871decgslaf.jpg,0,0.6982284667073916,0.5363679023932426,0.5500481231953802,0.955685618729097,0.158538818359375,0.09124755859375
cju7b2l561oas0871decgslaf.jpg,50,0.6982284667073916,0.5363679023932426,0.5500481231953802,0.955685618729097,0.158538818359375,0.09124755859375
cju7b2l561oas0871decgslaf.jpg,100,0.6982284667073916,0.5363679023932426,0.5500481231953802,0.955685618729097,0.158538818359375,0.09124755859375
cju7b2l561oas0871decgslaf.jpg,200,0.6982284667073916,0.5363679023932426,0.5500481231953802,0.955685618729097,0.158538818359375,0.09124755859375
cju7b2l561oas0871decgslaf.jpg,500,0.6982284667073916,0.5363679023932426,0.5500481231953802,0.955685618729097,0.158538818359375,0.09124755859375
cju8bpctzrqkr0850zeldv9kt.jpg,0,0.8604049594148604,0.7550093926111459,0.8175962027462281,0.9079442771084337,0.0900115966796875,0.0810546875
cju8bpctzrqkr0850zeldv9kt.jpg,50,0.8629450706745393,0.7589299763965381,0.8221957040572793,0.9079442771084337,0.089508056640625,0.0810546875
cju8bpctzrqkr0850zeldv9kt.jpg,100,0.8629450706745393,0.7589299763965381,0.8221957040572793,0.9079442771084337,0.089508056640625,0.0810546875
cju8bpctzrqkr0850zeldv9kt.jpg,200,0.8629450706745393,0.7589299763965381,0.8221957040572793,0.9079442771084337,0.089508056640625,0.0810546875
cju8bpctzrqkr0850zeldv9kt.jpg,500,0.8629450706745393,0.7589299763965381,0.8221957040572793,0.9079442771084337,0.089508056640625,0.0810546875
cju7f0ec32txj08184asb8w5f.jpg,0,0.7027730340733512,0.5417502507522568,0.5590632682106352,0.9459281961471103,0.1179351806640625,0.0697021484375
cju7f0ec32txj08184asb8w5f.jpg,50,0.7046640574037835,0.54400100717613,0.561460498960499,0.9459281961471103,0.117431640625,0.0697021484375
cju7f0ec32txj08184asb8w5f.jpg,100,0.7046640574037835,0.54400100717613,0.561460498960499,0.9459281961471103,0.117431640625,0.0697021484375
cju7f0ec32txj08184asb8w5f.jpg,200,0.7046640574037835,0.54400100717613,0.561460498960499,0.9459281961471103,0.117431640625,0.0697021484375
cju7f0ec32txj08184asb8w5f.jpg,500,0.7046640574037835,0.54400100717613,0.561460498960499,0.9459281961471103,0.117431640625,0.0697021484375
cju886ryxnsl50801r93jai7q.jpg,0,0.8535044422507404,0.7444463578439814,0.747471254430708,0.9945933509720465,0.1764984130859375,0.1326446533203125
cju886ryxnsl50801r93jai7q.jpg,50,0.8535465718939731,0.7445104624128133,0.747535881030607,0.9945933509720465,0.176483154296875,0.1326446533203125
cju886ryxnsl50801r93jai7q.jpg,100,0.8535465718939731,0.7445104624128133,0.747535881030607,0.9945933509720465,0.176483154296875,0.1326446533203125
cju886ryxnsl50801r93jai7q.jpg,200,0.8535465718939731,0.7445104624128133,0.747535881030607,0.9945933509720465,0.176483154296875,0.1326446533203125
cju886ryxnsl50801r93jai7q.jpg,500,0.8535465718939731,0.7445104624128133,0.747535881030607,0.9945933509720465,0.176483154296875,0.1326446533203125
cju3y54kwj3nr0801biidlb4e.jpg,0,0.7082786692232651,0.5483215708742415,0.9973473544597603,0.5491223952220744,0.3221282958984375,0.5850677490234375
cju3y54kwj3nr0801biidlb4e.jpg,50,0.7082786692232651,0.5483215708742415,0.9973473544597603,0.5491223952220744,0.3221282958984375,0.5850677490234375
cju3y54kwj3nr0801biidlb4e.jpg,100,0.7082786692232651,0.5483215708742415,0.9973473544597603,0.5491223952220744,0.3221282958984375,0.5850677490234375
cju3y54kwj3nr0801biidlb4e.jpg,200,0.7082786692232651,0.5483215708742415,0.9973473544597603,0.5491223952220744,0.3221282958984375,0.5850677490234375
cju3y54kwj3nr0801biidlb4e.jpg,500,0.7082786692232651,0.5483215708742415,0.9973473544597603,0.5491223952220744,0.3221282958984375,0.5850677490234375
cju6ut4l8va6y0755tyw3vfqq.jpg,0,0.24515868746637978,0.139704191892099,0.1398542385884158,0.9923788786064235,0.1988983154296875,0.0280303955078125
cju6ut4l8va6y0755tyw3vfqq.jpg,50,0.24515868746637978,0.139704191892099,0.1398542385884158,0.9923788786064235,0.1988983154296875,0.0280303955078125
cju6ut4l8va6y0755tyw3vfqq.jpg,100,0.24515868746637978,0.139704191892099,0.1398542385884158,0.9923788786064235,0.1988983154296875,0.0280303955078125
cju6ut4l8va6y0755tyw3vfqq.jpg,200,0.24515868746637978,0.139704191892099,0.1398542385884158,0.9923788786064235,0.1988983154296875,0.0280303955078125
cju6ut4l8va6y0755tyw3vfqq.jpg,500,0.24515868746637978,0.139704191892099,0.1398542385884158,0.9923788786064235,0.1988983154296875,0.0280303955078125
cju5hi52odyf90817prvcwg45.jpg,0,0.6719984299102105,0.5060223158205868,0.5178071833648393,0.9569591950810509,0.403594970703125,0.2183837890625
cju5hi52odyf90817prvcwg45.jpg,50,0.6719175561280825,0.505930606362931,0.5177929886926597,0.9566797093348239,0.4034881591796875,0.2183837890625
cju5hi52odyf90817prvcwg45.jpg,100,0.6729082196830077,0.5070547716920342,0.518970549217299,0.9566797093348239,0.4025726318359375,0.2183837890625
cju5hi52odyf90817prvcwg45.jpg,200,0.6729082196830077,0.5070547716920342,0.518970549217299,0.9566797093348239,0.4025726318359375,0.2183837890625
cju5hi52odyf90817prvcwg45.jpg,500,0.6729082196830077,0.5070547716920342,0.518970549217299,0.9566797093348239,0.4025726318359375,0.2183837890625
cju87ox0kncom0801b98hqnd2.jpg,0,0.4133817169558085,0.2605426405163231,0.26490825688073394,0.9405111965618639,0.239501953125,0.0674591064453125
cju87ox0kncom0801b98hqnd2.jpg,50,0.4138754790225452,0.26093504863508,0.26531393568147016,0.9405111965618639,0.2391357421875,0.0674591064453125
cju87ox0kncom0801b98hqnd2.jpg,100,0.4138754790225452,0.26093504863508,0.26531393568147016,0.9405111965618639,0.2391357421875,0.0674591064453125
cju87ox0kncom0801b98hqnd2.jpg,200,0.41613290632506006,0.2627322128143561,0.26717213904774145,0.9405111965618639,0.2374725341796875,0.0674591064453125
cju87ox0kncom0801b98hqnd2.jpg,500,0.41613290632506006,0.2627322128143561,0.26717213904774145,0.9405111965618639,0.2374725341796875,0.0674591064453125
cju2oo0wh0bqy0878biujeyhe.jpg,0,0.21965666097781347,0.12337882034509981,0.2471757794848622,0.1976513098464318,0.067535400390625,0.0844573974609375
cju2oo0wh0bqy0878biujeyhe.jpg,50,0.21965666097781347,0.12337882034509981,0.2471757794848622,0.1976513098464318,0.067535400390625,0.0844573974609375
cju2oo0wh0bqy0878biujeyhe.jpg,100,0.21965666097781347,0.12337882034509981,0.2471757794848622,0.1976513098464318,0.067535400390625,0.0844573974609375
cju2oo0wh0bqy0878biujeyhe.jpg,200,0.21965666097781347,0.12337882034509981,0.2471757794848622,0.1976513098464318,0.067535400390625,0.0844573974609375
cju2oo0wh0bqy0878biujeyhe.jpg,500,0.1963122446726289,0.10883937316356514,0.2524134014764338,0.16061427280939475,0.053741455078125,0.0844573974609375
cju5o4pk9h0720755lgp9jq8m.jpg,0,0.7790488929564574,0.6380672317361471,0.9117574359396886,0.6800639134709932,0.1851959228515625,0.248291015625
cju5o4pk9h0720755lgp9jq8m.jpg,50,0.7796251937438354,0.6388407805103337,0.9133377352261473,0.6800639134709932,0.18487548828125,0.248291015625
cju5o4pk9h0720755lgp9jq8m.jpg,100,0.7796251937438354,0.6388407805103337,0.9133377352261473,0.6800639134709932,0.18487548828125,0.248291015625
cju5o4pk9h0720755lgp9jq8m.jpg,200,0.7796251937438354,0.6388407805103337,0.9133377352261473,0.6800639134709932,0.18487548828125,0.248291015625
cju5o4pk9h0720755lgp9jq8m.jpg,500,0.7875315802583354,0.6495274989728238,0.9353393626912349,0.6800639134709932,0.1805267333984375,0.248291015625
cju43mkj9m8wb0871qiadahub.jpg,0,0.8913326580813197,0.8039676324719395,0.8747514910536779,0.9085545722713865,0.107452392578125,0.10345458984375
cju43mkj9m8wb0871qiadahub.jpg,50,0.8913971492656103,0.804072575381804,0.8748757278795626,0.9085545722713865,0.1074371337890625,0.10345458984375
cju43mkj9m8wb0871qiadahub.jpg,100,0.8913971492656103,0.804072575381804,0.8748757278795626,0.9085545722713865,0.1074371337890625,0.10345458984375
cju43mkj9m8wb0871qiadahub.jpg,200,0.8913971492656103,0.804072575381804,0.8748757278795626,0.9085545722713865,0.1074371337890625,0.10345458984375
cju43mkj9m8wb0871qiadahub.jpg,500,0.8913971492656103,0.804072575381804,0.8748757278795626,0.9085545722713865,0.1074371337890625,0.10345458984375
cju77k828z46w0871r0avuoo9.jpg,0,0.892416225749559,0.8057324840764332,0.9928985236404411,0.8104026845637584,0.0816497802734375,0.10003662109375
cju77k828z46w0871r0avuoo9.jpg,50,0.8938425302826379,0.8080608365019012,0.996436609152288,0.8104026845637584,0.08135986328125,0.10003662109375
cju77k828z46w0871r0avuoo9.jpg,100,0.8938425302826379,0.8080608365019012,0.996436609152288,0.8104026845637584,0.08135986328125,0.10003662109375
cju77k828z46w0871r0avuoo9.jpg,200,0.8938425302826379,0.8080608365019012,0.996436609152288,0.8104026845637584,0.08135986328125,0.10003662109375
cju77k828z46w0871r0avuoo9.jpg,500,0.8938425302826379,0.8080608365019012,0.996436609152288,0.8104026845637584,0.08135986328125,0.10003662109375
cju2hjrqcvi2j0801bx1i6gxg.jpg,0,0.3192829457364341,0.18996829057365236,0.22099262240107312,0.575043630017452,0.045501708984375,0.017486572265625
cju2hjrqcvi2j0801bx1i6gxg.jpg,50,0.31943771206980126,0.1900778771271993,0.22114093959731543,0.575043630017452,0.04547119140625,0.017486572265625
cju2hjrqcvi2j0801bx1i6gxg.jpg,100,0.31943771206980126,0.1900778771271993,0.22114093959731543,0.575043630017452,0.04547119140625,0.017486572265625
cju2hjrqcvi2j0801bx1i6gxg.jpg,200,0.31943771206980126,0.1900778771271993,0.22114093959731543,0.575043630017452,0.04547119140625,0.017486572265625
cju2hjrqcvi2j0801bx1i6gxg.jpg,500,0.31943771206980126,0.1900778771271993,0.22114093959731543,0.575043630017452,0.04547119140625,0.017486572265625
cju2hewssldzx0835ep795xu0.jpg,0,0.1747112822031389,0.09571706683971447,0.6210526315789474,0.1016540317022743,0.0072479248046875,0.044281005859375
cju2hewssldzx0835ep795xu0.jpg,50,0.14655172413793102,0.07906976744186046,0.6878612716763006,0.08201240523776705,0.005279541015625,0.044281005859375
cju2hewssldzx0835ep795xu0.jpg,100,0.1501577287066246,0.08117326057298772,0.8880597014925373,0.08201240523776705,0.00408935546875,0.044281005859375
cju2hewssldzx0835ep795xu0.jpg,200,0.1501577287066246,0.08117326057298772,0.8880597014925373,0.08201240523776705,0.00408935546875,0.044281005859375
cju2hewssldzx0835ep795xu0.jpg,500,0.0,0.0,0.0,0.0,0.0,0.044281005859375
cju5huurrecm70801y680y13m.jpg,0,0.6712182434629139,0.505138063614121,0.5060932903768035,0.9962774024541569,0.217864990234375,0.1106719970703125
cju5huurrecm70801y680y13m.jpg,50,0.6712182434629139,0.505138063614121,0.5060932903768035,0.9962774024541569,0.217864990234375,0.1106719970703125
cju5huurrecm70801y680y13m.jpg,100,0.6712182434629139,0.505138063614121,0.5060932903768035,0.9962774024541569,0.217864990234375,0.1106719970703125
cju5huurrecm70801y680y13m.jpg,200,0.6712182434629139,0.505138063614121,0.5060932903768035,0.9962774024541569,0.217864990234375,0.1106719970703125
cju5huurrecm70801y680y13m.jpg,500,0.6712182434629139,0.505138063614121,0.5060932903768035,0.9962774024541569,0.217864990234375,0.1106719970703125
cju1cnnziug1l0835yh4ropyg.jpg,0,0.6677814938684504,0.501255230125523,0.9734081843699217,0.5082144234477439,0.1032867431640625,0.1978302001953125
cju1cnnziug1l0835yh4ropyg.jpg,50,0.6677814938684504,0.501255230125523,0.9734081843699217,0.5082144234477439,0.1032867431640625,0.1978302001953125
cju1cnnziug1l0835yh4ropyg.jpg,100,0.6677814938684504,0.501255230125523,0.9734081843699217,0.5082144234477439,0.1032867431640625,0.1978302001953125
cju1cnnziug1l0835yh4ropyg.jpg,200,0.6707074823002088,0.5045597363782666,0.9874025194961008,0.5078287697647512,0.10174560546875,0.1978302001953125
cju1cnnziug1l0835yh4ropyg.jpg,500,0.6707074823002088,0.5045597363782666,0.9874025194961008,0.5078287697647512,0.10174560546875,0.1978302001953125
cju45v0pungu40871acnwtmu5.jpg,0,0.784219001610306,0.6450331125827815,0.765572804087247,0.8037961625747885,0.155303955078125,0.147918701171875
cju45v0pungu40871acnwtmu5.jpg,50,0.7839524816269002,0.6446725722328007,0.7655328352339756,0.8032803796162575,0.15521240234375,0.147918701171875
cju45v0pungu40871acnwtmu5.jpg,100,0.7839524816269002,0.6446725722328007,0.7655328352339756,0.8032803796162575,0.15521240234375,0.147918701171875
cju45v0pungu40871acnwtmu5.jpg,200,0.7839524816269002,0.6446725722328007,0.7655328352339756,0.8032803796162575,0.15521240234375,0.147918701171875
cju45v0pungu40871acnwtmu5.jpg,500,0.7839524816269002,0.6446725722328007,0.7655328352339756,0.8032803796162575,0.15521240234375,0.147918701171875
cju7dn24o296i09871qfxb8s2.jpg,0,0.627510985561833,0.45720656337545024,0.5160353616829064,0.8004203783405065,0.2364654541015625,0.1524505615234375
cju7dn24o296i09871qfxb8s2.jpg,50,0.6285467264010061,0.45830706630752477,0.5174377224199288,0.8004203783405065,0.2358245849609375,0.1524505615234375
cju7dn24o296i09871qfxb8s2.jpg,100,0.6285467264010061,0.45830706630752477,0.5174377224199288,0.8004203783405065,0.2358245849609375,0.1524505615234375
cju7dn24o296i09871qfxb8s2.jpg,200,0.6285467264010061,0.45830706630752477,0.5174377224199288,0.8004203783405065,0.2358245849609375,0.1524505615234375
cju7dn24o296i09871qfxb8s2.jpg,500,0.6285467264010061,0.45830706630752477,0.5174377224199288,0.8004203783405065,0.2358245849609375,0.1524505615234375
cju1drnhbrb9409935wi7vkhg.jpg,0,0.5190938876963055,0.35052450886896813,0.8369614719009018,0.3762128966223132,0.1675262451171875,0.3726959228515625
cju1drnhbrb9409935wi7vkhg.jpg,50,0.5193526482571299,0.3507605289306734,0.8405531642091767,0.3757625383828045,0.1666107177734375,0.3726959228515625
cju1drnhbrb9409935wi7vkhg.jpg,100,0.5193526482571299,0.3507605289306734,0.8405531642091767,0.3757625383828045,0.1666107177734375,0.3726959228515625
cju1drnhbrb9409935wi7vkhg.jpg,200,0.5193526482571299,0.3507605289306734,0.8405531642091767,0.3757625383828045,0.1666107177734375,0.3726959228515625
cju1drnhbrb9409935wi7vkhg.jpg,500,0.5223082176189392,0.35346221982592624,0.8562365892340703,0.3757625383828045,0.1635589599609375,0.3726959228515625
cju8bk8oirjhw0817hgkua2w8.jpg,0,0.8376005055237182,0.7205788625201515,0.7318280470624072,0.9791136016301579,0.4007415771484375,0.299530029296875
cju8bk8oirjhw0817hgkua2w8.jpg,50,0.8376370094354013,0.7206328971542124,0.7318837820341952,0.9791136016301579,0.4007110595703125,0.299530029296875
cju8bk8oirjhw0817hgkua2w8.jpg,100,0.8376370094354013,0.7206328971542124,0.7318837820341952,0.9791136016301579,0.4007110595703125,0.299530029296875
cju8bk8oirjhw0817hgkua2w8.jpg,200,0.8376370094354013,0.7206328971542124,0.7318837820341952,0.9791136016301579,0.4007110595703125,0.299530029296875
cju8bk8oirjhw0817hgkua2w8.jpg,500,0.8376370094354013,0.7206328971542124,0.7318837820341952,0.9791136016301579,0.4007110595703125,0.299530029296875
cju885ikhnmkn09878s2lqtuh.jpg,0,0.7214948958994175,0.5643269577769758,0.590874740222936,0.926254997778765,0.161529541015625,0.1030426025390625
cju885ikhnmkn09878s2lqtuh.jpg,50,0.721061742642816,0.5637971485291463,0.5907157038857899,0.9252184214423219,0.1613922119140625,0.1030426025390625
cju885ikhnmkn09878s2lqtuh.jpg,100,0.7243218177602597,0.5677935296255907,0.5951042956472045,0.9252184214423219,0.1602020263671875,0.1030426025390625
cju885ikhnmkn09878s2lqtuh.jpg,200,0.7243218177602597,0.5677935296255907,0.5951042956472045,0.9252184214423219,0.1602020263671875,0.1030426025390625
cju885ikhnmkn09878s2lqtuh.jpg,500,0.7243218177602597,0.5677935296255907,0.5951042956472045,0.9252184214423219,0.1602020263671875,0.1030426025390625
cju2upu4evw7g08358guwozxv.jpg,0,0.6877360365732459,0.5240836110269615,0.525356817491649,0.9953970080552359,0.100494384765625,0.05303955078125
cju2upu4evw7g08358guwozxv.jpg,50,0.6877360365732459,0.5240836110269615,0.525356817491649,0.9953970080552359,0.100494384765625,0.05303955078125
cju2upu4evw7g08358guwozxv.jpg,100,0.6877360365732459,0.5240836110269615,0.525356817491649,0.9953970080552359,0.100494384765625,0.05303955078125
cju2upu4evw7g08358guwozxv.jpg,200,0.6877360365732459,0.5240836110269615,0.525356817491649,0.9953970080552359,0.100494384765625,0.05303955078125
cju2upu4evw7g08358guwozxv.jpg,500,0.6877360365732459,0.5240836110269615,0.525356817491649,0.9953970080552359,0.100494384765625,0.05303955078125
cju1bm8063nmh07996rsjjemq.jpg,0,0.6837884548911165,0.5195125794421976,0.7833214540270849,0.6066981537140403,0.1926727294921875,0.2487640380859375
cju1bm8063nmh07996rsjjemq.jpg,50,0.6837263987827651,0.5194409415720891,0.7836702338485929,0.6063914616941667,0.1924896240234375,0.2487640380859375
cju1bm8063nmh07996rsjjemq.jpg,100,0.6837263987827651,0.5194409415720891,0.7836702338485929,0.6063914616941667,0.1924896240234375,0.2487640380859375
cju1bm8063nmh07996rsjjemq.jpg,200,0.6837263987827651,0.5194409415720891,0.7836702338485929,0.6063914616941667,0.1924896240234375,0.2487640380859375
cju1bm8063nmh07996rsjjemq.jpg,500,0.6837263987827651,0.5194409415720891,0.7836702338485929,0.6063914616941667,0.1924896240234375,0.2487640380859375
cju2uokeg5jm20799xwgsyz89.jpg,0,0.7369399628141307,0.583456004558621,0.9854038014275402,0.5885424150979547,0.1902618408203125,0.3185577392578125
cju2uokeg5jm20799xwgsyz89.jpg,50,0.7363715460082205,0.5827437200246925,0.9853862212943633,0.5878239210614552,0.190032958984375,0.3185577392578125
cju2uokeg5jm20799xwgsyz89.jpg,100,0.7363715460082205,0.5827437200246925,0.9853862212943633,0.5878239210614552,0.190032958984375,0.3185577392578125
cju2uokeg5jm20799xwgsyz89.jpg,200,0.7363715460082205,0.5827437200246925,0.9853862212943633,0.5878239210614552,0.190032958984375,0.3185577392578125
cju2uokeg5jm20799xwgsyz89.jpg,500,0.7363715460082205,0.5827437200246925,0.9853862212943633,0.5878239210614552,0.190032958984375,0.3185577392578125
cju30k2z40ds308353kdew70n.jpg,0,0.6075703324808184,0.4363382558224965,0.4365306872473355,0.9989907485281749,0.2075958251953125,0.0907135009765625
cju30k2z40ds308353kdew70n.jpg,50,0.6075703324808184,0.4363382558224965,0.4365306872473355,0.9989907485281749,0.2075958251953125,0.0907135009765625
cju30k2z40ds308353kdew70n.jpg,100,0.6075703324808184,0.4363382558224965,0.4365306872473355,0.9989907485281749,0.2075958251953125,0.0907135009765625
cju30k2z40ds308353kdew70n.jpg,200,0.6075703324808184,0.4363382558224965,0.4365306872473355,0.9989907485281749,0.2075958251953125,0.0907135009765625
cju30k2z40ds308353kdew70n.jpg,500,0.6075703324808184,0.4363382558224965,0.4365306872473355,0.9989907485281749,0.2075958251953125,0.0907135009765625
cju34repocy5208780gswillm.jpg,0,0.7211620233357146,0.5639197744320902,0.7368786930830726,0.7061017852384759,0.2194976806640625,0.22906494140625
cju34repocy5208780gswillm.jpg,50,0.7217814702577547,0.5646776771443793,0.738246151703002,0.70603517186251,0.2190704345703125,0.22906494140625
cju34repocy5208780gswillm.jpg,100,0.7217814702577547,0.5646776771443793,0.738246151703002,0.70603517186251,0.2190704345703125,0.22906494140625
cju34repocy5208780gswillm.jpg,200,0.7261827275530129,0.5700839070567987,0.7475139290500036,0.70603517186251,0.2163543701171875,0.22906494140625
cju34repocy5208780gswillm.jpg,500,0.7261827275530129,0.5700839070567987,0.7475139290500036,0.70603517186251,0.2163543701171875,0.22906494140625
cju83mki1jv5w0817kubxm31r.jpg,0,0.6465484483850539,0.4777034298816153,0.7343019492195929,0.5775301238898003,0.2121429443359375,0.2697296142578125
cju83mki1jv5w0817kubxm31r.jpg,50,0.6465484483850539,0.4777034298816153,0.7343019492195929,0.5775301238898003,0.2121429443359375,0.2697296142578125
cju83mki1jv5w0817kubxm31r.jpg,100,0.6465484483850539,0.4777034298816153,0.7343019492195929,0.5775301238898003,0.2121429443359375,0.2697296142578125
cju83mki1jv5w0817kubxm31r.jpg,200,0.6465484483850539,0.4777034298816153,0.7343019492195929,0.5775301238898003,0.2121429443359375,0.2697296142578125
cju83mki1jv5w0817kubxm31r.jpg,500,0.6465484483850539,0.4777034298816153,0.7343019492195929,0.5775301238898003,0.2121429443359375,0.2697296142578125
cju14hjh2ob2o0835ouz3r5aa.jpg,0,0.5670077611350042,0.3956809714364565,0.4899615548910722,0.6728061942749882,0.1786041259765625,0.13006591796875
cju14hjh2ob2o0835ouz3r5aa.jpg,50,0.5670357919715246,0.3957082729593597,0.4900034176349966,0.6728061942749882,0.1785888671875,0.13006591796875
cju14hjh2ob2o0835ouz3r5aa.jpg,100,0.5670357919715246,0.3957082729593597,0.4900034176349966,0.6728061942749882,0.1785888671875,0.13006591796875
cju14hjh2ob2o0835ouz3r5aa.jpg,200,0.5670357919715246,0.3957082729593597,0.4900034176349966,0.6728061942749882,0.1785888671875,0.13006591796875
cju14hjh2ob2o0835ouz3r5aa.jpg,500,0.5670357919715246,0.3957082729593597,0.4900034176349966,0.6728061942749882,0.1785888671875,0.13006591796875
cju5bdwa3aatx0818b79i18zf.jpg,0,0.8277000608219655,0.7060480284613104,0.7173192771084337,0.9782296159375642,0.101318359375,0.0742950439453125
cju5bdwa3aatx0818b79i18zf.jpg,50,0.8277000608219655,0.7060480284613104,0.7173192771084337,0.9782296159375642,0.101318359375,0.0742950439453125
cju5bdwa3aatx0818b79i18zf.jpg,100,0.8277000608219655,0.7060480284613104,0.7173192771084337,0.9782296159375642,0.101318359375,0.0742950439453125
cju5bdwa3aatx0818b79i18zf.jpg,200,0.8277000608219655,0.7060480284613104,0.7173192771084337,0.9782296159375642,0.101318359375,0.0742950439453125
cju5bdwa3aatx0818b79i18zf.jpg,500,0.8277000608219655,0.7060480284613104,0.7173192771084337,0.9782296159375642,0.101318359375,0.0742950439453125
cju323ypb1fbb0988gx5rzudb.jpg,0,0.7347483383163252,0.5807131976721478,0.9826834104428288,0.5867171776962236,0.230865478515625,0.3866729736328125
cju323ypb1fbb0988gx5rzudb.jpg,50,0.7346545418602353,0.5805960239034488,0.982679976201494,0.5865987924706997,0.2308197021484375,0.3866729736328125
cju323ypb1fbb0988gx5rzudb.jpg,100,0.7346545418602353,0.5805960239034488,0.982679976201494,0.5865987924706997,0.2308197021484375,0.3866729736328125
cju323ypb1fbb0988gx5rzudb.jpg,200,0.7346545418602353,0.5805960239034488,0.982679976201494,0.5865987924706997,0.2308197021484375,0.3866729736328125
cju323ypb1fbb0988gx5rzudb.jpg,500,0.7346545418602353,0.5805960239034488,0.982679976201494,0.5865987924706997,0.2308197021484375,0.3866729736328125
cju5yeqiwmkgl0801fzv2douc.jpg,0,0.2857718661829907,0.16670585469080648,0.3290328568776685,0.2525648332858364,0.164398193359375,0.21417236328125
cju5yeqiwmkgl0801fzv2douc.jpg,50,0.2857718661829907,0.16670585469080648,0.3290328568776685,0.2525648332858364,0.164398193359375,0.21417236328125
cju5yeqiwmkgl0801fzv2douc.jpg,100,0.2857718661829907,0.16670585469080648,0.3290328568776685,0.2525648332858364,0.164398193359375,0.21417236328125
cju5yeqiwmkgl0801fzv2douc.jpg,200,0.2857718661829907,0.16670585469080648,0.3290328568776685,0.2525648332858364,0.164398193359375,0.21417236328125
cju5yeqiwmkgl0801fzv2douc.jpg,500,0.2857718661829907,0.16670585469080648,0.3290328568776685,0.2525648332858364,0.164398193359375,0.21417236328125
cju0qkwl35piu0993l0dewei2.jpg,0,0.5704587333915236,0.39905020352781545,0.4498179927197088,0.7795271416454622,0.4988250732421875,0.287841796875
cju0qkwl35piu0993l0dewei2.jpg,50,0.5703976721629486,0.39899044724272686,0.44979501927430704,0.7793681085665819,0.498748779296875,0.287841796875
cju0qkwl35piu0993l0dewei2.jpg,100,0.5677582353512778,0.39641228831958314,0.44819121843453713,0.7743320610687023,0.4972991943359375,0.287841796875
cju0qkwl35piu0993l0dewei2.jpg,200,0.5677582353512778,0.39641228831958314,0.44819121843453713,0.7743320610687023,0.4972991943359375,0.287841796875
cju0qkwl35piu0993l0dewei2.jpg,500,0.5677582353512778,0.39641228831958314,0.44819121843453713,0.7743320610687023,0.4972991943359375,0.287841796875
cju5hqz50e7o90850e0prlpa0.jpg,0,0.8403486000370851,0.7246562200191877,0.7304179649726013,0.9892316647264261,0.284027099609375,0.209716796875
cju5hqz50e7o90850e0prlpa0.jpg,50,0.8405304318259096,0.7249266862170088,0.7306927500403074,0.9892316647264261,0.2839202880859375,0.209716796875
cju5hqz50e7o90850e0prlpa0.jpg,100,0.8405304318259096,0.7249266862170088,0.7306927500403074,0.9892316647264261,0.2839202880859375,0.209716796875
cju5hqz50e7o90850e0prlpa0.jpg,200,0.8405304318259096,0.7249266862170088,0.7306927500403074,0.9892316647264261,0.2839202880859375,0.209716796875
cju5hqz50e7o90850e0prlpa0.jpg,500,0.8405304318259096,0.7249266862170088,0.7306927500403074,0.9892316647264261,0.2839202880859375,0.209716796875
cju5k3j3uf6de0817hszzfr7n.jpg,0,0.1859288279464577,0.10249257626203545,0.11616522182559919,0.4654679199019207,0.1496124267578125,0.0373382568359375
cju5k3j3uf6de0817hszzfr7n.jpg,50,0.1859288279464577,0.10249257626203545,0.11616522182559919,0.4654679199019207,0.1496124267578125,0.0373382568359375
cju5k3j3uf6de0817hszzfr7n.jpg,100,0.1859288279464577,0.10249257626203545,0.11616522182559919,0.4654679199019207,0.1496124267578125,0.0373382568359375
cju5k3j3uf6de0817hszzfr7n.jpg,200,0.1859288279464577,0.10249257626203545,0.11616522182559919,0.4654679199019207,0.1496124267578125,0.0373382568359375
cju5k3j3uf6de0817hszzfr7n.jpg,500,0.1859288279464577,0.10249257626203545,0.11616522182559919,0.4654679199019207,0.1496124267578125,0.0373382568359375
cju2nyc5f02m40801ojqbtiea.jpg,0,0.5813794673343956,0.40982028241335045,0.4145027265645287,0.9731748209114465,0.23504638671875,0.1001129150390625
cju2nyc5f02m40801ojqbtiea.jpg,50,0.5833714024668799,0.41180264430828767,0.41653075869267403,0.9731748209114465,0.2339019775390625,0.1001129150390625
cju2nyc5f02m40801ojqbtiea.jpg,100,0.5833714024668799,0.41180264430828767,0.41653075869267403,0.9731748209114465,0.2339019775390625,0.1001129150390625
cju2nyc5f02m40801ojqbtiea.jpg,200,0.5833714024668799,0.41180264430828767,0.41653075869267403,0.9731748209114465,0.2339019775390625,0.1001129150390625
cju2nyc5f02m40801ojqbtiea.jpg,500,0.5833714024668799,0.41180264430828767,0.41653075869267403,0.9731748209114465,0.2339019775390625,0.1001129150390625
cju7fnfv02tt90801djnix9m8.jpg,0,0.491562729273661,0.32587548638132297,0.32778864970645794,0.9824046920821115,0.0623779296875,0.02081298828125
cju7fnfv02tt90801djnix9m8.jpg,50,0.49183336391998533,0.3261134095887077,0.32802937576499386,0.9824046920821115,0.0623321533203125,0.02081298828125
cju7fnfv02tt90801djnix9m8.jpg,100,0.49183336391998533,0.3261134095887077,0.32802937576499386,0.9824046920821115,0.0623321533203125,0.02081298828125
cju7fnfv02tt90801djnix9m8.jpg,200,0.5039488529522377,0.3368526897938663,0.3388973191704603,0.9824046920821115,0.060333251953125,0.02081298828125
cju7fnfv02tt90801djnix9m8.jpg,500,0.5366439727673208,0.3667214012041598,0.3691460055096419,0.9824046920821115,0.055389404296875,0.02081298828125
cju358pwtdby20878cg7nm0np.jpg,0,0.5176274018379281,0.3491884580703336,0.35013562386980107,0.9923126201153107,0.135009765625,0.047637939453125
cju358pwtdby20878cg7nm0np.jpg,50,0.5187541862022773,0.35021478634411035,0.3511675357061891,0.9923126201153107,0.134613037109375,0.047637939453125
cju358pwtdby20878cg7nm0np.jpg,100,0.5187541862022773,0.35021478634411035,0.3511675357061891,0.9923126201153107,0.134613037109375,0.047637939453125
cju358pwtdby20878cg7nm0np.jpg,200,0.5187541862022773,0.35021478634411035,0.3511675357061891,0.9923126201153107,0.134613037109375,0.047637939453125
cju358pwtdby20878cg7nm0np.jpg,500,0.5187541862022773,0.35021478634411035,0.3511675357061891,0.9923126201153107,0.134613037109375,0.047637939453125
cju858eswlepn0871pzvdrhj1.jpg,0,0.6749890347177705,0.5094214707679772,0.6895767268716393,0.661005749025309,0.221343994140625,0.2309112548828125
cju858eswlepn0871pzvdrhj1.jpg,50,0.6750599115671516,0.5095022163346411,0.6899406651028012,0.6608075067732769,0.221160888671875,0.2309112548828125
cju858eswlepn0871pzvdrhj1.jpg,100,0.6750599115671516,0.5095022163346411,0.6899406651028012,0.6608075067732769,0.221160888671875,0.2309112548828125
cju858eswlepn0871pzvdrhj1.jpg,200,0.6750599115671516,0.5095022163346411,0.6899406651028012,0.6608075067732769,0.221160888671875,0.2309112548828125
cju858eswlepn0871pzvdrhj1.jpg,500,0.6750599115671516,0.5095022163346411,0.6899406651028012,0.6608075067732769,0.221160888671875,0.2309112548828125
cju8dn0c3u2v50801k8rvq02f.jpg,0,0.8092156915829656,0.6795652964714441,0.9219617520049352,0.7210401891252955,0.247344970703125,0.3162689208984375
cju8dn0c3u2v50801k8rvq02f.jpg,50,0.8084091894234937,0.6784285194616224,0.9218412109978376,0.7198340329039418,0.2469635009765625,0.3162689208984375
cju8dn0c3u2v50801k8rvq02f.jpg,100,0.8084091894234937,0.6784285194616224,0.9218412109978376,0.7198340329039418,0.2469635009765625,0.3162689208984375
cju8dn0c3u2v50801k8rvq02f.jpg,200,0.811310494834149,0.6825251601097896,0.9294212919703482,0.7198340329039418,0.2449493408203125,0.3162689208984375
cju8dn0c3u2v50801k8rvq02f.jpg,500,0.8217669090107953,0.6974569932685116,0.9573307667629131,0.7198340329039418,0.2378082275390625,0.3162689208984375
cju8a1jtvpt9m081712iwkca7.jpg,0,0.8201043225102098,0.6950651130911584,0.8198059822150364,0.8204028800258879,0.188751220703125,0.1886138916015625
cju8a1jtvpt9m081712iwkca7.jpg,50,0.8201043225102098,0.6950651130911584,0.8198059822150364,0.8204028800258879,0.188751220703125,0.1886138916015625
cju8a1jtvpt9m081712iwkca7.jpg,100,0.8218323270797034,0.6975512450130692,0.8232667640850787,0.8204028800258879,0.187957763671875,0.1886138916015625
cju8a1jtvpt9m081712iwkca7.jpg,200,0.8218323270797034,0.6975512450130692,0.8232667640850787,0.8204028800258879,0.187957763671875,0.1886138916015625
cju8a1jtvpt9m081712iwkca7.jpg,500,0.8340324039805905,0.7153135360090287,0.8481224387388141,0.8204028800258879,0.1824493408203125,0.1886138916015625
cju7flevb2wii08188otgs9p2.jpg,0,0.7415562604963613,0.58926453143535,0.998569661357662,0.5897623233407155,0.39471435546875,0.6683197021484375
cju7flevb2wii08188otgs9p2.jpg,50,0.741267174914933,0.588899534629072,0.9985687761101656,0.5893970181967625,0.39447021484375,0.6683197021484375
cju7flevb2wii08188otgs9p2.jpg,100,0.741267174914933,0.588899534629072,0.9985687761101656,0.5893970181967625,0.39447021484375,0.6683197021484375
cju7flevb2wii08188otgs9p2.jpg,200,0.741267174914933,0.588899534629072,0.9985687761101656,0.5893970181967625,0.39447021484375,0.6683197021484375
cju7flevb2wii08188otgs9p2.jpg,500,0.741267174914933,0.588899534629072,0.9985687761101656,0.5893970181967625,0.39447021484375,0.6683197021484375
ck2da7fwcjfis07218r1rvm95.jpg,0,0.17729464900865038,0.09727005459890802,0.11040137286681286,0.44988344988344986,0.1600494384765625,0.039276123046875
ck2da7fwcjfis07218r1rvm95.jpg,50,0.17729464900865038,0.09727005459890802,0.11040137286681286,0.44988344988344986,0.1600494384765625,0.039276123046875
ck2da7fwcjfis07218r1rvm95.jpg,100,0.1780305942040126,0.09771327314150705,0.11097268806899856,0.44988344988344986,0.1592254638671875,0.039276123046875
ck2da7fwcjfis07218r1rvm95.jpg,200,0.1780305942040126,0.09771327314150705,0.11097268806899856,0.44988344988344986,0.1592254638671875,0.039276123046875
ck2da7fwcjfis07218r1rvm95.jpg,500,0.1780305942040126,0.09771327314150705,0.11097268806899856,0.44988344988344986,0.1592254638671875,0.039276123046875
cju30525w04r10835ygp257sb.jpg,0,0.8467029231815092,0.7341585617447687,0.9366422259823275,0.772522871763064,0.0811614990234375,0.0984039306640625
cju30525w04r10835ygp257sb.jpg,50,0.8463107786467188,0.7335691128794577,0.9365945437441204,0.7719026205613273,0.0811004638671875,0.0984039306640625
cju30525w04r10835ygp257sb.jpg,100,0.8463107786467188,0.7335691128794577,0.9365945437441204,0.7719026205613273,0.0811004638671875,0.0984039306640625
cju30525w04r10835ygp257sb.jpg,200,0.8463107786467188,0.7335691128794577,0.9365945437441204,0.7719026205613273,0.0811004638671875,0.0984039306640625
cju30525w04r10835ygp257sb.jpg,500,0.8463107786467188,0.7335691128794577,0.9365945437441204,0.7719026205613273,0.0811004638671875,0.0984039306640625
cju6wll7wvo3y08502pagos8m.jpg,0,0.6877377049180328,0.5240855486707975,0.9979700583608221,0.5246448342559862,0.120269775390625,0.2287750244140625
cju6wll7wvo3y08502pagos8m.jpg,50,0.6848426404839134,0.5207305692574323,0.998849252013809,0.5210431534716201,0.1193389892578125,0.2287750244140625
cju6wll7wvo3y08502pagos8m.jpg,100,0.6848426404839134,0.5207305692574323,0.998849252013809,0.5210431534716201,0.1193389892578125,0.2287750244140625
cju6wll7wvo3y08502pagos8m.jpg,200,0.6848426404839134,0.5207305692574323,0.998849252013809,0.5210431534716201,0.1193389892578125,0.2287750244140625
cju6wll7wvo3y08502pagos8m.jpg,500,0.6848426404839134,0.5207305692574323,0.998849252013809,0.5210431534716201,0.1193389892578125,0.2287750244140625
cju1fr4etsmrr09933u4t4aql.jpg,0,0.9614878930645337,0.9258321464366724,0.9863991457314675,0.9378039006144804,0.2714996337890625,0.2855682373046875
cju1fr4etsmrr09933u4t4aql.jpg,50,0.9614878930645337,0.9258321464366724,0.9863991457314675,0.9378039006144804,0.2714996337890625,0.2855682373046875
cju1fr4etsmrr09933u4t4aql.jpg,100,0.9614878930645337,0.9258321464366724,0.9863991457314675,0.9378039006144804,0.2714996337890625,0.2855682373046875
cju1fr4etsmrr09933u4t4aql.jpg,200,0.9614878930645337,0.9258321464366724,0.9863991457314675,0.9378039006144804,0.2714996337890625,0.2855682373046875
cju1fr4etsmrr09933u4t4aql.jpg,500,0.9614878930645337,0.9258321464366724,0.9863991457314675,0.9378039006144804,0.2714996337890625,0.2855682373046875
cju5ddda9bkkt0850enzwatb1.jpg,0,0.12648788182991538,0.06751377832210655,0.09614126880313931,0.1848281642917016,0.0699920654296875,0.036407470703125
cju5ddda9bkkt0850enzwatb1.jpg,50,0.12487440792306588,0.06659522351500306,0.09495743287491815,0.18231349538977368,0.0699005126953125,0.036407470703125
cju5ddda9bkkt0850enzwatb1.jpg,100,0.12639837280255703,0.06746277915632755,0.09673115410273515,0.18231349538977368,0.0686187744140625,0.036407470703125
cju5ddda9bkkt0850enzwatb1.jpg,200,0.12639837280255703,0.06746277915632755,0.09673115410273515,0.18231349538977368,0.0686187744140625,0.036407470703125
cju5ddda9bkkt0850enzwatb1.jpg,500,0.12639837280255703,0.06746277915632755,0.09673115410273515,0.18231349538977368,0.0686187744140625,0.036407470703125
cju2qdj95ru8g09886gfi9rsz.jpg,0,0.7118383234888089,0.5526001405481378,0.998729916809551,0.5529887482419128,0.2402801513671875,0.4339599609375
cju2qdj95ru8g09886gfi9rsz.jpg,50,0.7118383234888089,0.5526001405481378,0.998729916809551,0.5529887482419128,0.2402801513671875,0.4339599609375
cju2qdj95ru8g09886gfi9rsz.jpg,100,0.7118383234888089,0.5526001405481378,0.998729916809551,0.5529887482419128,0.2402801513671875,0.4339599609375
cju2qdj95ru8g09886gfi9rsz.jpg,200,0.7066869646224807,0.546416022487702,0.9987155609787426,0.5468002812939522,0.2375946044921875,0.4339599609375
cju2qdj95ru8g09886gfi9rsz.jpg,500,0.7066869646224807,0.546416022487702,0.9987155609787426,0.5468002812939522,0.2375946044921875,0.4339599609375
cju7evxt12m730987rxivne3x.jpg,0,0.8601589934722192,0.7546306796703712,0.9482259060466441,0.7870604005677337,0.3212432861328125,0.38702392578125
cju7evxt12m730987rxivne3x.jpg,50,0.8594795218160631,0.753585348318008,0.9493278672895414,0.7851679545812963,0.320098876953125,0.38702392578125
cju7evxt12m730987rxivne3x.jpg,100,0.8594795218160631,0.753585348318008,0.9493278672895414,0.7851679545812963,0.320098876953125,0.38702392578125
cju7evxt12m730987rxivne3x.jpg,200,0.8594795218160631,0.753585348318008,0.9493278672895414,0.7851679545812963,0.320098876953125,0.38702392578125
cju7evxt12m730987rxivne3x.jpg,500,0.8594795218160631,0.753585348318008,0.9493278672895414,0.7851679545812963,0.320098876953125,0.38702392578125
cju5ccpvqash50850kb4bs22k.jpg,0,0.7242112482853224,0.5676576528143649,0.5749210497658718,0.9782286455438206,0.280242919921875,0.164703369140625
cju5ccpvqash50850kb4bs22k.jpg,50,0.7242112482853224,0.5676576528143649,0.5749210497658718,0.9782286455438206,0.280242919921875,0.164703369140625
cju5ccpvqash50850kb4bs22k.jpg,100,0.7242112482853224,0.5676576528143649,0.5749210497658718,0.9782286455438206,0.280242919921875,0.164703369140625
cju5ccpvqash50850kb4bs22k.jpg,200,0.7242112482853224,0.5676576528143649,0.5749210497658718,0.9782286455438206,0.280242919921875,0.164703369140625
cju5ccpvqash50850kb4bs22k.jpg,500,0.7242112482853224,0.5676576528143649,0.5749210497658718,0.9782286455438206,0.280242919921875,0.164703369140625
cju8bh8surexp0987o5pzklk1.jpg,0,0.8841450653272341,0.7923476769733669,0.8125961749835129,0.9695101960527178,0.27764892578125,0.2327117919921875
cju8bh8surexp0987o5pzklk1.jpg,50,0.8844359373130757,0.7928150134048257,0.8130877096508111,0.9695101960527178,0.2774810791015625,0.2327117919921875
cju8bh8surexp0987o5pzklk1.jpg,100,0.8844359373130757,0.7928150134048257,0.8130877096508111,0.9695101960527178,0.2774810791015625,0.2327117919921875
cju8bh8surexp0987o5pzklk1.jpg,200,0.8844359373130757,0.7928150134048257,0.8130877096508111,0.9695101960527178,0.2774810791015625,0.2327117919921875
cju8bh8surexp0987o5pzklk1.jpg,500,0.8844359373130757,0.7928150134048257,0.8130877096508111,0.9695101960527178,0.2774810791015625,0.2327117919921875
cju7d9seq29zd0871nzl2uu5m.jpg,0,0.683254048853493,0.5188958798457479,0.5734601408640259,0.8450452832683282,0.3401336669921875,0.2308197021484375
cju7d9seq29zd0871nzl2uu5m.jpg,50,0.6834001603849238,0.519064441466683,0.5736660234259301,0.8450452832683282,0.3400115966796875,0.2308197021484375
cju7d9seq29zd0871nzl2uu5m.jpg,100,0.6834001603849238,0.519064441466683,0.5736660234259301,0.8450452832683282,0.3400115966796875,0.2308197021484375
cju7d9seq29zd0871nzl2uu5m.jpg,200,0.6834001603849238,0.519064441466683,0.5736660234259301,0.8450452832683282,0.3400115966796875,0.2308197021484375
cju7d9seq29zd0871nzl2uu5m.jpg,500,0.6834001603849238,0.519064441466683,0.5736660234259301,0.8450452832683282,0.3400115966796875,0.2308197021484375
cju7dbppn28nx085097654msi.jpg,0,0.8938572466603321,0.8080848913592723,0.9983145015294338,0.809188888326671,0.2444305419921875,0.3015594482421875
cju7dbppn28nx085097654msi.jpg,50,0.8938572466603321,0.8080848913592723,0.9983145015294338,0.809188888326671,0.2444305419921875,0.3015594482421875
cju7dbppn28nx085097654msi.jpg,100,0.8938572466603321,0.8080848913592723,0.9983145015294338,0.809188888326671,0.2444305419921875,0.3015594482421875
cju7dbppn28nx085097654msi.jpg,200,0.8938572466603321,0.8080848913592723,0.9983145015294338,0.809188888326671,0.2444305419921875,0.3015594482421875
cju7dbppn28nx085097654msi.jpg,500,0.8938572466603321,0.8080848913592723,0.9983145015294338,0.809188888326671,0.2444305419921875,0.3015594482421875
cju0roawvklrq0799vmjorwfv.jpg,0,0.3907570690179386,0.2428204353083434,0.35428382401587827,0.43560195227765725,0.1383819580078125,0.112548828125
cju0roawvklrq0799vmjorwfv.jpg,50,0.3915401962576949,0.24342553997726413,0.3556638246041413,0.43546637744034705,0.1378021240234375,0.112548828125
cju0roawvklrq0799vmjorwfv.jpg,100,0.3915401962576949,0.24342553997726413,0.3556638246041413,0.43546637744034705,0.1378021240234375,0.112548828125
cju0roawvklrq0799vmjorwfv.jpg,200,0.3915401962576949,0.24342553997726413,0.3556638246041413,0.43546637744034705,0.1378021240234375,0.112548828125
cju0roawvklrq0799vmjorwfv.jpg,500,0.3915401962576949,0.24342553997726413,0.3556638246041413,0.43546637744034705,0.1378021240234375,0.112548828125
cju8arof2qpf20850ifr1bnqj.jpg,0,0.5212070538157495,0.35245438190696476,0.4282413190107419,0.6657281553398058,0.24432373046875,0.15716552734375
cju8arof2qpf20850ifr1bnqj.jpg,50,0.5212070538157495,0.35245438190696476,0.4282413190107419,0.6657281553398058,0.24432373046875,0.15716552734375
cju8arof2qpf20850ifr1bnqj.jpg,100,0.5212070538157495,0.35245438190696476,0.4282413190107419,0.6657281553398058,0.24432373046875,0.15716552734375
cju8arof2qpf20850ifr1bnqj.jpg,200,0.5212070538157495,0.35245438190696476,0.4282413190107419,0.6657281553398058,0.24432373046875,0.15716552734375
cju8arof2qpf20850ifr1bnqj.jpg,500,0.5212070538157495,0.35245438190696476,0.4282413190107419,0.6657281553398058,0.24432373046875,0.15716552734375
cju2np2k9zi3v079992ypxqkn.jpg,0,0.7638709677419355,0.6179540709812108,0.620828013861025,0.9925645137775186,0.167327880859375,0.1046600341796875
cju2np2k9zi3v079992ypxqkn.jpg,50,0.7647290087054198,0.6190779303446394,0.6219623606797003,0.9925645137775186,0.167022705078125,0.1046600341796875
cju2np2k9zi3v079992ypxqkn.jpg,100,0.768137199593817,0.6235574281003847,0.6264838501886445,0.9925645137775186,0.1658172607421875,0.1046600341796875
cju2np2k9zi3v079992ypxqkn.jpg,200,0.768137199593817,0.6235574281003847,0.6264838501886445,0.9925645137775186,0.1658172607421875,0.1046600341796875
cju2np2k9zi3v079992ypxqkn.jpg,500,0.768137199593817,0.6235574281003847,0.6264838501886445,0.9925645137775186,0.1658172607421875,0.1046600341796875
cju40taxlkrho0987smigg0x0.jpg,0,0.4856453474140644,0.3206945919733986,0.32102075724654433,0.9968418030433535,0.3300628662109375,0.106292724609375
cju40taxlkrho0987smigg0x0.jpg,50,0.4856453474140644,0.3206945919733986,0.32102075724654433,0.9968418030433535,0.3300628662109375,0.106292724609375
cju40taxlkrho0987smigg0x0.jpg,100,0.4856453474140644,0.3206945919733986,0.32102075724654433,0.9968418030433535,0.3300628662109375,0.106292724609375
cju40taxlkrho0987smigg0x0.jpg,200,0.4856453474140644,0.3206945919733986,0.32102075724654433,0.9968418030433535,0.3300628662109375,0.106292724609375
cju40taxlkrho0987smigg0x0.jpg,500,0.4856453474140644,0.3206945919733986,0.32102075724654433,0.9968418030433535,0.3300628662109375,0.106292724609375
cju8bi8q7rlmn0871abc5ch8k.jpg,0,0.527006501002491,0.3577792443491173,0.3591421000331235,0.9895049053159937,0.18426513671875,0.0668792724609375
cju8bi8q7rlmn0871abc5ch8k.jpg,50,0.5271986871695131,0.3579564212611423,0.3593206296603148,0.9895049053159937,0.184173583984375,0.0668792724609375
cju8bi8q7rlmn0871abc5ch8k.jpg,100,0.5271986871695131,0.3579564212611423,0.3593206296603148,0.9895049053159937,0.184173583984375,0.0668792724609375
cju8bi8q7rlmn0871abc5ch8k.jpg,200,0.5271986871695131,0.3579564212611423,0.3593206296603148,0.9895049053159937,0.184173583984375,0.0668792724609375
cju8bi8q7rlmn0871abc5ch8k.jpg,500,0.5271986871695131,0.3579564212611423,0.3593206296603148,0.9895049053159937,0.184173583984375,0.0668792724609375
ck2bxw18mmz1k0725litqq2mc.jpg,0,0.6072695035460993,0.43602800763844685,0.8608617594254937,0.46908628448444534,0.16998291015625,0.31195068359375
ck2bxw18mmz1k0725litqq2mc.jpg,50,0.6070761141553958,0.43582863380025466,0.8612384290464635,0.46874388573664644,0.1697845458984375,0.31195068359375
ck2bxw18mmz1k0725litqq2mc.jpg,100,0.6048195066196781,0.4335062807209175,0.8617569890527459,0.46590686754059873,0.1686553955078125,0.31195068359375
ck2bxw18mmz1k0725litqq2mc.jpg,200,0.6081987101717643,0.4369867412946736,0.8756205184776613,0.46590686754059873,0.165985107421875,0.31195068359375
ck2bxw18mmz1k0725litqq2mc.jpg,500,0.5878864887759424,0.41631673665266944,0.8802810030246854,0.44130307180590883,0.1563873291015625,0.31195068359375
cju8ca4geseia0850i2ru11hw.jpg,0,0.04187231332590352,0.021383852345719163,0.04155474798546374,0.042194769773784696,0.0965728759765625,0.0951080322265625
cju8ca4geseia0850i2ru11hw.jpg,50,0.04187231332590352,0.021383852345719163,0.04155474798546374,0.042194769773784696,0.0965728759765625,0.0951080322265625
cju8ca4geseia0850i2ru11hw.jpg,100,0.04187231332590352,0.021383852345719163,0.04155474798546374,0.042194769773784696,0.0965728759765625,0.0951080322265625
cju8ca4geseia0850i2ru11hw.jpg,200,0.04187231332590352,0.021383852345719163,0.04155474798546374,0.042194769773784696,0.0965728759765625,0.0951080322265625
cju8ca4geseia0850i2ru11hw.jpg,500,0.04187231332590352,0.021383852345719163,0.04155474798546374,0.042194769773784696,0.0965728759765625,0.0951080322265625
cju6z2616wqbk07555bvnuyr1.jpg,0,0.8334814814814815,0.714503429006858,0.7889496564296733,0.8833411838593186,0.1088104248046875,0.0971832275390625
cju6z2616wqbk07555bvnuyr1.jpg,50,0.8357721161702444,0.7178767385479138,0.7930645616013533,0.8833411838593186,0.108245849609375,0.0971832275390625
cju6z2616wqbk07555bvnuyr1.jpg,100,0.8357721161702444,0.7178767385479138,0.7930645616013533,0.8833411838593186,0.108245849609375,0.0971832275390625
cju6z2616wqbk07555bvnuyr1.jpg,200,0.8357721161702444,0.7178767385479138,0.7930645616013533,0.8833411838593186,0.108245849609375,0.0971832275390625
cju6z2616wqbk07555bvnuyr1.jpg,500,0.8357721161702444,0.7178767385479138,0.7930645616013533,0.8833411838593186,0.108245849609375,0.0971832275390625
cju7f6cqy2ur20818t1saazbm.jpg,0,0.7567949624108462,0.6087450899317759,0.8473381294964029,0.6837338906304423,0.106048583984375,0.1314239501953125
cju7f6cqy2ur20818t1saazbm.jpg,50,0.7567949624108462,0.6087450899317759,0.8473381294964029,0.6837338906304423,0.106048583984375,0.1314239501953125
cju7f6cqy2ur20818t1saazbm.jpg,100,0.7567949624108462,0.6087450899317759,0.8473381294964029,0.6837338906304423,0.106048583984375,0.1314239501953125
cju7f6cqy2ur20818t1saazbm.jpg,200,0.7567949624108462,0.6087450899317759,0.8473381294964029,0.6837338906304423,0.106048583984375,0.1314239501953125
cju7f6cqy2ur20818t1saazbm.jpg,500,0.7567949624108462,0.6087450899317759,0.8473381294964029,0.6837338906304423,0.106048583984375,0.1314239501953125
cju8abobpqbir08189u01huru.jpg,0,0.8908115838398284,0.8031201650335225,0.9164337207591584,0.8665831942125766,0.1037139892578125,0.10968017578125
cju8abobpqbir08189u01huru.jpg,50,0.8908115838398284,0.8031201650335225,0.9164337207591584,0.8665831942125766,0.1037139892578125,0.10968017578125
cju8abobpqbir08189u01huru.jpg,100,0.8908115838398284,0.8031201650335225,0.9164337207591584,0.8665831942125766,0.1037139892578125,0.10968017578125
cju8abobpqbir08189u01huru.jpg,200,0.8908115838398284,0.8031201650335225,0.9164337207591584,0.8665831942125766,0.1037139892578125,0.10968017578125
cju8abobpqbir08189u01huru.jpg,500,0.8908115838398284,0.8031201650335225,0.9164337207591584,0.8665831942125766,0.1037139892578125,0.10968017578125
cju7ejm2l2ncl0801wq6y84nw.jpg,0,0.5218488358756738,0.35304158907510863,0.5496496738342594,0.49672489082969434,0.0631561279296875,0.06988525390625
cju7ejm2l2ncl0801wq6y84nw.jpg,50,0.5218488358756738,0.35304158907510863,0.5496496738342594,0.49672489082969434,0.0631561279296875,0.06988525390625
cju7ejm2l2ncl0801wq6y84nw.jpg,100,0.5218488358756738,0.35304158907510863,0.5496496738342594,0.49672489082969434,0.0631561279296875,0.06988525390625
cju7ejm2l2ncl0801wq6y84nw.jpg,200,0.5218488358756738,0.35304158907510863,0.5496496738342594,0.49672489082969434,0.0631561279296875,0.06988525390625
cju7ejm2l2ncl0801wq6y84nw.jpg,500,0.5218488358756738,0.35304158907510863,0.5496496738342594,0.49672489082969434,0.0631561279296875,0.06988525390625
cju8bn7m2rmm70817hgxpb1uq.jpg,0,0.8559486920804208,0.7481733434114386,0.9333647650479334,0.7903912696300239,0.194183349609375,0.22930908203125
cju8bn7m2rmm70817hgxpb1uq.jpg,50,0.8559486920804208,0.7481733434114386,0.9333647650479334,0.7903912696300239,0.194183349609375,0.22930908203125
cju8bn7m2rmm70817hgxpb1uq.jpg,100,0.8559486920804208,0.7481733434114386,0.9333647650479334,0.7903912696300239,0.194183349609375,0.22930908203125
cju8bn7m2rmm70817hgxpb1uq.jpg,200,0.8559486920804208,0.7481733434114386,0.9333647650479334,0.7903912696300239,0.194183349609375,0.22930908203125
cju8bn7m2rmm70817hgxpb1uq.jpg,500,0.8559486920804208,0.7481733434114386,0.9333647650479334,0.7903912696300239,0.194183349609375,0.22930908203125
cju7aqkue1i2k09879uzcpt8r.jpg,0,0.821642727653047,0.6972781065088758,0.9652686762778506,0.7152221412964311,0.04656982421875,0.0628509521484375
cju7aqkue1i2k09879uzcpt8r.jpg,50,0.8218719486678756,0.697608335306654,0.9659016393442623,0.7152221412964311,0.046539306640625,0.0628509521484375
cju7aqkue1i2k09879uzcpt8r.jpg,100,0.8218719486678756,0.697608335306654,0.9659016393442623,0.7152221412964311,0.046539306640625,0.0628509521484375
cju7aqkue1i2k09879uzcpt8r.jpg,200,0.8218719486678756,0.697608335306654,0.9659016393442623,0.7152221412964311,0.046539306640625,0.0628509521484375
cju7aqkue1i2k09879uzcpt8r.jpg,500,0.8218719486678756,0.697608335306654,0.9659016393442623,0.7152221412964311,0.046539306640625,0.0628509521484375
cju1gv7106qd008784gk603mg.jpg,0,0.6946930444339771,0.5322066518313586,0.5738278970235393,0.880059671805072,0.2353057861328125,0.1534271240234375
cju1gv7106qd008784gk603mg.jpg,50,0.6960044045933617,0.5337475119126606,0.5756195927925584,0.880059671805072,0.2345733642578125,0.1534271240234375
cju1gv7106qd008784gk603mg.jpg,100,0.6979532279055093,0.5360431306033439,0.5782904195529996,0.880059671805072,0.233489990234375,0.1534271240234375
cju1gv7106qd008784gk603mg.jpg,200,0.7026361759568048,0.541587612460983,0.5847485627436728,0.880059671805072,0.2309112548828125,0.1534271240234375
cju1gv7106qd008784gk603mg.jpg,500,0.7026361759568048,0.541587612460983,0.5847485627436728,0.880059671805072,0.2309112548828125,0.1534271240234375
cju7db7lp2f400755tntd1ohf.jpg,0,0.21232265105665243,0.11877011877011877,0.8388867110936887,0.12154256829670018,0.0389251708984375,0.2686614990234375
cju7db7lp2f400755tntd1ohf.jpg,50,0.20796658212740565,0.11605061605061605,0.8357314148681055,0.11875958425626171,0.038177490234375,0.2686614990234375
cju7db7lp2f400755tntd1ohf.jpg,100,0.20796658212740565,0.11605061605061605,0.8357314148681055,0.11875958425626171,0.038177490234375,0.2686614990234375
cju7db7lp2f400755tntd1ohf.jpg,200,0.19395579612088407,0.10739260739260739,0.8248081841432225,0.10989947180098825,0.035797119140625,0.2686614990234375
cju7db7lp2f400755tntd1ohf.jpg,500,0.16955351247015799,0.09262959262959262,0.8024038461538462,0.09479184415289374,0.03173828125,0.2686614990234375
cju84jdl9kv0i0871eog9b3i9.jpg,0,0.9087942459458559,0.832834909978639,0.8665227330454661,0.9554015262899951,0.24029541015625,0.2179412841796875
cju84jdl9kv0i0871eog9b3i9.jpg,50,0.9087942459458559,0.832834909978639,0.8665227330454661,0.9554015262899951,0.24029541015625,0.2179412841796875
cju84jdl9kv0i0871eog9b3i9.jpg,100,0.9087942459458559,0.832834909978639,0.8665227330454661,0.9554015262899951,0.24029541015625,0.2179412841796875
cju84jdl9kv0i0871eog9b3i9.jpg,200,0.9087942459458559,0.832834909978639,0.8665227330454661,0.9554015262899951,0.24029541015625,0.2179412841796875
cju84jdl9kv0i0871eog9b3i9.jpg,500,0.9087942459458559,0.832834909978639,0.8665227330454661,0.9554015262899951,0.24029541015625,0.2179412841796875
cju0u2g7pmnux0801vkk47ivj.jpg,0,0.7961789463728365,0.6613764927718416,0.7407928895146741,0.8605162279580885,0.3467864990234375,0.2985382080078125
cju0u2g7pmnux0801vkk47ivj.jpg,50,0.7964425942570604,0.66174042921154,0.7412495046889447,0.8605162279580885,0.3465728759765625,0.2985382080078125
cju0u2g7pmnux0801vkk47ivj.jpg,100,0.7964425942570604,0.66174042921154,0.7412495046889447,0.8605162279580885,0.3465728759765625,0.2985382080078125
cju0u2g7pmnux0801vkk47ivj.jpg,200,0.7964425942570604,0.66174042921154,0.7412495046889447,0.8605162279580885,0.3465728759765625,0.2985382080078125
cju0u2g7pmnux0801vkk47ivj.jpg,500,0.7964425942570604,0.66174042921154,0.7412495046889447,0.8605162279580885,0.3465728759765625,0.2985382080078125
cju5u4pywk81x0817vn9pe14z.jpg,0,0.5206360878757239,0.351932397166646,0.3522826222166936,0.9971830985915493,0.1226654052734375,0.0433349609375
cju5u4pywk81x0817vn9pe14z.jpg,50,0.5223164883806714,0.3534697953070394,0.3538230884557721,0.9971830985915493,0.12213134765625,0.0433349609375
cju5u4pywk81x0817vn9pe14z.jpg,100,0.5248332097850259,0.35577889447236183,0.3561368209255533,0.9971830985915493,0.121337890625,0.0433349609375
cju5u4pywk81x0817vn9pe14z.jpg,200,0.5248332097850259,0.35577889447236183,0.3561368209255533,0.9971830985915493,0.121337890625,0.0433349609375
cju5u4pywk81x0817vn9pe14z.jpg,500,0.5434657455382844,0.3731225296442688,0.3735162226325508,0.9971830985915493,0.115692138671875,0.0433349609375
cju2xa3i4y0160988i679zsqd.jpg,0,0.43650718458866256,0.27918720206835257,0.28167923374770737,0.9692847124824684,0.3743743896484375,0.108795166015625
cju2xa3i4y0160988i679zsqd.jpg,50,0.436907320773802,0.27951466127401414,0.282012568350608,0.9692847124824684,0.373931884765625,0.108795166015625
cju2xa3i4y0160988i679zsqd.jpg,100,0.436907320773802,0.27951466127401414,0.282012568350608,0.9692847124824684,0.373931884765625,0.108795166015625
cju2xa3i4y0160988i679zsqd.jpg,200,0.436907320773802,0.27951466127401414,0.282012568350608,0.9692847124824684,0.373931884765625,0.108795166015625
cju2xa3i4y0160988i679zsqd.jpg,500,0.436907320773802,0.27951466127401414,0.282012568350608,0.9692847124824684,0.373931884765625,0.108795166015625
cju5hjxaae3i40850h5z2laf5.jpg,0,0.5762669342699448,0.4047577092511013,0.5364733359283768,0.622436997561196,0.1959991455078125,0.1689300537109375
cju5hjxaae3i40850h5z2laf5.jpg,50,0.5776436564818308,0.40611739745403114,0.5388645605254927,0.622436997561196,0.19512939453125,0.1689300537109375
cju5hjxaae3i40850h5z2laf5.jpg,100,0.5791729702471003,0.40763087843833185,0.5415324165029469,0.622436997561196,0.1941680908203125,0.1689300537109375
cju5hjxaae3i40850h5z2laf5.jpg,200,0.5791729702471003,0.40763087843833185,0.5415324165029469,0.622436997561196,0.1941680908203125,0.1689300537109375
cju5hjxaae3i40850h5z2laf5.jpg,500,0.5905137323792793,0.4189567120622568,0.5617052494294098,0.622436997561196,0.18719482421875,0.1689300537109375
cju43eigtm6ev0801mv0m96t1.jpg,0,0.6162015591458593,0.4452971913781842,0.8106902907426126,0.4969747776643826,0.2566375732421875,0.41864013671875
cju43eigtm6ev0801mv0m96t1.jpg,50,0.6167070053608994,0.44582529352127415,0.8127347522804508,0.49686543227875785,0.2559356689453125,0.41864013671875
cju43eigtm6ev0801mv0m96t1.jpg,100,0.6167070053608994,0.44582529352127415,0.8127347522804508,0.49686543227875785,0.2559356689453125,0.41864013671875
cju43eigtm6ev0801mv0m96t1.jpg,200,0.6167070053608994,0.44582529352127415,0.8127347522804508,0.49686543227875785,0.2559356689453125,0.41864013671875
cju43eigtm6ev0801mv0m96t1.jpg,500,0.6167070053608994,0.44582529352127415,0.8127347522804508,0.49686543227875785,0.2559356689453125,0.41864013671875
cju8cj10qsrau0871o2dr6ai1.jpg,0,0.660183536501849,0.4927417705990595,0.49279214804212246,0.9997925741547397,0.1492462158203125,0.0735626220703125
cju8cj10qsrau0871o2dr6ai1.jpg,50,0.6611796982167353,0.49385245901639346,0.493903063838508,0.9997925741547397,0.1489105224609375,0.0735626220703125
cju8cj10qsrau0871o2dr6ai1.jpg,100,0.6611796982167353,0.49385245901639346,0.493903063838508,0.9997925741547397,0.1489105224609375,0.0735626220703125
cju8cj10qsrau0871o2dr6ai1.jpg,200,0.6663901562283976,0.499688990255028,0.4997407983411094,0.9997925741547397,0.1471710205078125,0.0735626220703125
cju8cj10qsrau0871o2dr6ai1.jpg,500,0.6763013890837659,0.5109179563281747,0.5109721191561539,0.9997925741547397,0.1439361572265625,0.0735626220703125
cju35ldepdtlm0801yv79y8vu.jpg,0,0.7275700934579439,0.5717958134410577,0.6016228748068007,0.9202127659574468,0.0789794921875,0.0516357421875
cju35ldepdtlm0801yv79y8vu.jpg,50,0.7275700934579439,0.5717958134410577,0.6016228748068007,0.9202127659574468,0.0789794921875,0.0516357421875
cju35ldepdtlm0801yv79y8vu.jpg,100,0.7275700934579439,0.5717958134410577,0.6016228748068007,0.9202127659574468,0.0789794921875,0.0516357421875
cju35ldepdtlm0801yv79y8vu.jpg,200,0.7275700934579439,0.5717958134410577,0.6016228748068007,0.9202127659574468,0.0789794921875,0.0516357421875
cju35ldepdtlm0801yv79y8vu.jpg,500,0.7275700934579439,0.5717958134410577,0.6016228748068007,0.9202127659574468,0.0789794921875,0.0516357421875
cju3tsh4lfsok0987w6x3a0v1.jpg,0,0.47416302765647744,0.3107560219413308,0.9763956538029225,0.31310825423525174,0.1221771240234375,0.3809967041015625
cju3tsh4lfsok0987w6x3a0v1.jpg,50,0.4731404958677686,0.30987821380243574,0.9802341684502077,0.3118266650646802,0.1212005615234375,0.3809967041015625
cju3tsh4lfsok0987w6x3a0v1.jpg,100,0.4731404958677686,0.30987821380243574,0.9802341684502077,0.3118266650646802,0.1212005615234375,0.3809967041015625
cju3tsh4lfsok0987w6x3a0v1.jpg,200,0.4731404958677686,0.30987821380243574,0.9802341684502077,0.3118266650646802,0.1212005615234375,0.3809967041015625
cju3tsh4lfsok0987w6x3a0v1.jpg,500,0.4731404958677686,0.30987821380243574,0.9802341684502077,0.3118266650646802,0.1212005615234375,0.3809967041015625
cju1c8ffau5770835g0g343o8.jpg,0,0.3597529967308391,0.2193285499158473,0.21942573555476783,0.9979846835953244,0.17218017578125,0.0378570556640625
cju1c8ffau5770835g0g343o8.jpg,50,0.3597529967308391,0.2193285499158473,0.21942573555476783,0.9979846835953244,0.17218017578125,0.0378570556640625
cju1c8ffau5770835g0g343o8.jpg,100,0.3597529967308391,0.2193285499158473,0.21942573555476783,0.9979846835953244,0.17218017578125,0.0378570556640625
cju1c8ffau5770835g0g343o8.jpg,200,0.3597529967308391,0.2193285499158473,0.21942573555476783,0.9979846835953244,0.17218017578125,0.0378570556640625
cju1c8ffau5770835g0g343o8.jpg,500,0.3597529967308391,0.2193285499158473,0.21942573555476783,0.9979846835953244,0.17218017578125,0.0378570556640625
cju5y7buemcw80987p0r30g9f.jpg,0,0.4788310008232389,0.31477830608063706,0.3379819864690989,0.8209496925093256,0.3676300048828125,0.1513519287109375
cju5y7buemcw80987p0r30g9f.jpg,50,0.47892956918100277,0.31486350630268345,0.33808021257161835,0.8209496925093256,0.367523193359375,0.1513519287109375
cju5y7buemcw80987p0r30g9f.jpg,100,0.47892956918100277,0.31486350630268345,0.33808021257161835,0.8209496925093256,0.367523193359375,0.1513519287109375
cju5y7buemcw80987p0r30g9f.jpg,200,0.47892956918100277,0.31486350630268345,0.33808021257161835,0.8209496925093256,0.367523193359375,0.1513519287109375
cju5y7buemcw80987p0r30g9f.jpg,500,0.47892956918100277,0.31486350630268345,0.33808021257161835,0.8209496925093256,0.367523193359375,0.1513519287109375
cju8cattbsivm0818p446wgel.jpg,0,0.5483066348872013,0.37770141275295915,1.0,0.37770141275295915,0.15093994140625,0.399627685546875
cju8cattbsivm0818p446wgel.jpg,50,0.5468164794007491,0.37628865979381443,1.0,0.37628865979381443,0.1503753662109375,0.399627685546875
cju8cattbsivm0818p446wgel.jpg,100,0.5434220405439226,0.37308132875143185,1.0,0.37308132875143185,0.1490936279296875,0.399627685546875
cju8cattbsivm0818p446wgel.jpg,200,0.5434220405439226,0.37308132875143185,1.0,0.37308132875143185,0.1490936279296875,0.399627685546875
cju8cattbsivm0818p446wgel.jpg,500,0.5434220405439226,0.37308132875143185,1.0,0.37308132875143185,0.1490936279296875,0.399627685546875
cju7ap09p1kz10850ldccjebj.jpg,0,0.348166836652531,0.21077603015728585,0.2130609027002168,0.9515845070422535,0.2322540283203125,0.052001953125
cju7ap09p1kz10850ldccjebj.jpg,50,0.34854102853458,0.2110503709488481,0.21334122755081902,0.9515845070422535,0.2319488525390625,0.052001953125
cju7ap09p1kz10850ldccjebj.jpg,100,0.34854102853458,0.2110503709488481,0.21334122755081902,0.9515845070422535,0.2319488525390625,0.052001953125
cju7ap09p1kz10850ldccjebj.jpg,200,0.34854102853458,0.2110503709488481,0.21334122755081902,0.9515845070422535,0.2319488525390625,0.052001953125
cju7ap09p1kz10850ldccjebj.jpg,500,0.34854102853458,0.2110503709488481,0.21334122755081902,0.9515845070422535,0.2319488525390625,0.052001953125
cju83rcnzkbsj0755x5anfrcg.jpg,0,0.8534654828274485,0.7443870812822668,0.7477086348287506,0.9940676607343274,0.12652587890625,0.0951690673828125
cju83rcnzkbsj0755x5anfrcg.jpg,50,0.8535242290748899,0.74447646493756,0.7477988179954167,0.9940676607343274,0.1265106201171875,0.0951690673828125
cju83rcnzkbsj0755x5anfrcg.jpg,100,0.8566493955094991,0.7492447129909365,0.7526098567613498,0.9940676607343274,0.125701904296875,0.0951690673828125
cju83rcnzkbsj0755x5anfrcg.jpg,200,0.8566493955094991,0.7492447129909365,0.7526098567613498,0.9940676607343274,0.125701904296875,0.0951690673828125
cju83rcnzkbsj0755x5anfrcg.jpg,500,0.8770688923468666,0.781053162005543,0.7847107961017593,0.9940676607343274,0.1205596923828125,0.0951690673828125
cju8cdeazsm8h0801jxifmzur.jpg,0,0.8709627885550494,0.7714207997098559,0.7728924418604651,0.9975378121702427,0.16796875,0.1301422119140625
cju8cdeazsm8h0801jxifmzur.jpg,50,0.8709627885550494,0.7714207997098559,0.7728924418604651,0.9975378121702427,0.16796875,0.1301422119140625
cju8cdeazsm8h0801jxifmzur.jpg,100,0.8709627885550494,0.7714207997098559,0.7728924418604651,0.9975378121702427,0.16796875,0.1301422119140625
cju8cdeazsm8h0801jxifmzur.jpg,200,0.8709627885550494,0.7714207997098559,0.7728924418604651,0.9975378121702427,0.16796875,0.1301422119140625
cju8cdeazsm8h0801jxifmzur.jpg,500,0.8709627885550494,0.7714207997098559,0.7728924418604651,0.9975378121702427,0.16796875,0.1301422119140625
cju6wt9jvvn500871hjn3t3g0.jpg,0,0.3760272417707151,0.23154775218072018,0.42840885578315746,0.33505947083097337,0.147491455078125,0.1885833740234375
cju6wt9jvvn500871hjn3t3g0.jpg,50,0.3739755964305227,0.22999383995071962,0.4275897969807392,0.3323084391941096,0.1465606689453125,0.1885833740234375
cju6wt9jvvn500871hjn3t3g0.jpg,100,0.3712465043781231,0.22793289799594685,0.4282843240956209,0.32761550287240065,0.144256591796875,0.1885833740234375
cju6wt9jvvn500871hjn3t3g0.jpg,200,0.3712465043781231,0.22793289799594685,0.4282843240956209,0.32761550287240065,0.144256591796875,0.1885833740234375
cju6wt9jvvn500871hjn3t3g0.jpg,500,0.3712465043781231,0.22793289799594685,0.4282843240956209,0.32761550287240065,0.144256591796875,0.1885833740234375
cju2nbdpmlmcj0993s1cht0dz.jpg,0,0.738568422459,0.5855001853519038,0.8589185829707893,0.6477998476592254,0.1964111328125,0.2604217529296875
cju2nbdpmlmcj0993s1cht0dz.jpg,50,0.7402993069737855,0.587678732791155,0.8636150601468521,0.6477998476592254,0.195343017578125,0.2604217529296875
cju2nbdpmlmcj0993s1cht0dz.jpg,100,0.7402993069737855,0.587678732791155,0.8636150601468521,0.6477998476592254,0.195343017578125,0.2604217529296875
cju2nbdpmlmcj0993s1cht0dz.jpg,200,0.7444365888967445,0.5929103877299298,0.874960430515986,0.6477998476592254,0.19281005859375,0.2604217529296875
cju2nbdpmlmcj0993s1cht0dz.jpg,500,0.7444365888967445,0.5929103877299298,0.874960430515986,0.6477998476592254,0.19281005859375,0.2604217529296875
cju1g20bdwq6u0835e16xugcd.jpg,0,0.8864521591871295,0.7960611360352825,0.9894149891314621,0.8028989953217271,0.1614532470703125,0.1989593505859375
cju1g20bdwq6u0835e16xugcd.jpg,50,0.8872970796422668,0.7974249580984306,0.9917566799317794,0.8027456093258686,0.161041259765625,0.1989593505859375
cju1g20bdwq6u0835e16xugcd.jpg,100,0.8872970796422668,0.7974249580984306,0.9917566799317794,0.8027456093258686,0.161041259765625,0.1989593505859375
cju1g20bdwq6u0835e16xugcd.jpg,200,0.8872970796422668,0.7974249580984306,0.9917566799317794,0.8027456093258686,0.161041259765625,0.1989593505859375
cju1g20bdwq6u0835e16xugcd.jpg,500,0.8872970796422668,0.7974249580984306,0.9917566799317794,0.8027456093258686,0.161041259765625,0.1989593505859375
cju18gzrq18zw0878wbf4ftw6.jpg,0,0.44397811586599717,0.28532896638088817,0.3652731532864718,0.5659151700420328,0.1237335205078125,0.079864501953125
cju18gzrq18zw0878wbf4ftw6.jpg,50,0.4444777911164466,0.28574184835037625,0.36595008648381516,0.5659151700420328,0.123504638671875,0.079864501953125
cju18gzrq18zw0878wbf4ftw6.jpg,100,0.4486859047186246,0.2892295674250561,0.3716902999121596,0.5659151700420328,0.1215972900390625,0.079864501953125
cju18gzrq18zw0878wbf4ftw6.jpg,200,0.4486859047186246,0.2892295674250561,0.3716902999121596,0.5659151700420328,0.1215972900390625,0.079864501953125
cju18gzrq18zw0878wbf4ftw6.jpg,500,0.4486859047186246,0.2892295674250561,0.3716902999121596,0.5659151700420328,0.1215972900390625,0.079864501953125
cju7epwj82koz098713apjnzo.jpg,0,0.6422790033328043,0.47305669199298656,0.5237478969845994,0.8301538461538461,0.1179046630859375,0.0743865966796875
cju7epwj82koz098713apjnzo.jpg,50,0.6422790033328043,0.47305669199298656,0.5237478969845994,0.8301538461538461,0.1179046630859375,0.0743865966796875
cju7epwj82koz098713apjnzo.jpg,100,0.6422790033328043,0.47305669199298656,0.5237478969845994,0.8301538461538461,0.1179046630859375,0.0743865966796875
cju7epwj82koz098713apjnzo.jpg,200,0.6422790033328043,0.47305669199298656,0.5237478969845994,0.8301538461538461,0.1179046630859375,0.0743865966796875
cju7epwj82koz098713apjnzo.jpg,500,0.6422790033328043,0.47305669199298656,0.5237478969845994,0.8301538461538461,0.1179046630859375,0.0743865966796875
cju1euant5l960878iqj5vvto.jpg,0,0.3758998126417513,0.23145112325440195,0.3079657456778155,0.48228744939271256,0.0944366455078125,0.060302734375
cju1euant5l960878iqj5vvto.jpg,50,0.37801848355361223,0.23305967405955152,0.3112420225822288,0.4812753036437247,0.0932464599609375,0.060302734375
cju1euant5l960878iqj5vvto.jpg,100,0.38005794784693775,0.23461206364869866,0.3140168400198118,0.4812753036437247,0.0924224853515625,0.060302734375
cju1euant5l960878iqj5vvto.jpg,200,0.38005794784693775,0.23461206364869866,0.3140168400198118,0.4812753036437247,0.0924224853515625,0.060302734375
cju1euant5l960878iqj5vvto.jpg,500,0.38005794784693775,0.23461206364869866,0.3140168400198118,0.4812753036437247,0.0924224853515625,0.060302734375
cju5boicjagt20871b1fotkh4.jpg,0,0.6830289779201183,0.5186362998643782,0.9710182996235006,0.5267908037241117,0.1742706298828125,0.32122802734375
cju5boicjagt20871b1fotkh4.jpg,50,0.683386738969682,0.5190489562856876,0.9724658014731673,0.5267908037241117,0.17401123046875,0.32122802734375
cju5boicjagt20871b1fotkh4.jpg,100,0.683386738969682,0.5190489562856876,0.9724658014731673,0.5267908037241117,0.17401123046875,0.32122802734375
cju5boicjagt20871b1fotkh4.jpg,200,0.683386738969682,0.5190489562856876,0.9724658014731673,0.5267908037241117,0.17401123046875,0.32122802734375
cju5boicjagt20871b1fotkh4.jpg,500,0.683386738969682,0.5190489562856876,0.9724658014731673,0.5267908037241117,0.17401123046875,0.32122802734375
cju5ekty5ckzf07550c9u3ckk.jpg,0,0.673167208378476,0.5073489384866631,0.565152944347123,0.8322254191884115,0.226470947265625,0.1537933349609375
cju5ekty5ckzf07550c9u3ckk.jpg,50,0.673167208378476,0.5073489384866631,0.565152944347123,0.8322254191884115,0.226470947265625,0.1537933349609375
cju5ekty5ckzf07550c9u3ckk.jpg,100,0.673167208378476,0.5073489384866631,0.565152944347123,0.8322254191884115,0.226470947265625,0.1537933349609375
cju5ekty5ckzf07550c9u3ckk.jpg,200,0.673167208378476,0.5073489384866631,0.565152944347123,0.8322254191884115,0.226470947265625,0.1537933349609375
cju5ekty5ckzf07550c9u3ckk.jpg,500,0.673167208378476,0.5073489384866631,0.565152944347123,0.8322254191884115,0.226470947265625,0.1537933349609375
cju2i6acqvo6l0799u20fift8.jpg,0,0.7748803009575923,0.6324935445599833,0.6419464513387165,0.9772482208324348,0.215423583984375,0.141510009765625
cju2i6acqvo6l0799u20fift8.jpg,50,0.7759749989297487,0.6339535534415222,0.6434504792332268,0.9772482208324348,0.2149200439453125,0.141510009765625
cju2i6acqvo6l0799u20fift8.jpg,100,0.7779399141630902,0.6365807403245066,0.646157136746043,0.9772482208324348,0.214019775390625,0.141510009765625
cju2i6acqvo6l0799u20fift8.jpg,200,0.7779399141630902,0.6365807403245066,0.646157136746043,0.9772482208324348,0.214019775390625,0.141510009765625
cju2i6acqvo6l0799u20fift8.jpg,500,0.7779399141630902,0.6365807403245066,0.646157136746043,0.9772482208324348,0.214019775390625,0.141510009765625
cju88rl5eo94l0850kf5wtrm1.jpg,0,0.8553615272145438,0.7472765834377711,0.9570343848385703,0.7732169576059851,0.2471771240234375,0.305938720703125
cju88rl5eo94l0850kf5wtrm1.jpg,50,0.8551720332202081,0.7469873710594813,0.9570184647687272,0.7729177057356609,0.2470855712890625,0.305938720703125
cju88rl5eo94l0850kf5wtrm1.jpg,100,0.8551720332202081,0.7469873710594813,0.9570184647687272,0.7729177057356609,0.2470855712890625,0.305938720703125
cju88rl5eo94l0850kf5wtrm1.jpg,200,0.8551720332202081,0.7469873710594813,0.9570184647687272,0.7729177057356609,0.2470855712890625,0.305938720703125
cju88rl5eo94l0850kf5wtrm1.jpg,500,0.8551720332202081,0.7469873710594813,0.9570184647687272,0.7729177057356609,0.2470855712890625,0.305938720703125
cju8b8yair65w09878pyqtr96.jpg,0,0.5164969990383659,0.3481604005543386,0.36174462353105113,0.9026425591098748,0.3285064697265625,0.13165283203125
cju8b8yair65w09878pyqtr96.jpg,50,0.5169255276782159,0.3485499462943072,0.36216517857142855,0.9026425591098748,0.328125,0.13165283203125
cju8b8yair65w09878pyqtr96.jpg,100,0.5169255276782159,0.3485499462943072,0.36216517857142855,0.9026425591098748,0.328125,0.13165283203125
cju8b8yair65w09878pyqtr96.jpg,200,0.5169255276782159,0.3485499462943072,0.36216517857142855,0.9026425591098748,0.328125,0.13165283203125
cju8b8yair65w09878pyqtr96.jpg,500,0.5169255276782159,0.3485499462943072,0.36216517857142855,0.9026425591098748,0.328125,0.13165283203125
cju3v0fl3gwce0755qkjhzmd4.jpg,0,0.9048380369803977,0.8262139003490955,0.915079086115993,0.8948236749845329,0.2170562744140625,0.2219696044921875
cju3v0fl3gwce0755qkjhzmd4.jpg,50,0.9048380369803977,0.8262139003490955,0.915079086115993,0.8948236749845329,0.2170562744140625,0.2219696044921875
cju3v0fl3gwce0755qkjhzmd4.jpg,100,0.9048380369803977,0.8262139003490955,0.915079086115993,0.8948236749845329,0.2170562744140625,0.2219696044921875
cju3v0fl3gwce0755qkjhzmd4.jpg,200,0.9048380369803977,0.8262139003490955,0.915079086115993,0.8948236749845329,0.2170562744140625,0.2219696044921875
cju3v0fl3gwce0755qkjhzmd4.jpg,500,0.9048380369803977,0.8262139003490955,0.915079086115993,0.8948236749845329,0.2170562744140625,0.2219696044921875
cju5wrrs0m2af0818vmnajbtw.jpg,0,0.3011422637590862,0.17726161369193155,0.17737989323843417,0.9962523422860712,0.13720703125,0.0244293212890625
cju5wrrs0m2af0818vmnajbtw.jpg,50,0.30117069486404835,0.17728131599422028,0.1773996218440663,0.9962523422860712,0.1371917724609375,0.0244293212890625
cju5wrrs0m2af0818vmnajbtw.jpg,100,0.30117069486404835,0.17728131599422028,0.1773996218440663,0.9962523422860712,0.1371917724609375,0.0244293212890625
cju5wrrs0m2af0818vmnajbtw.jpg,200,0.30117069486404835,0.17728131599422028,0.1773996218440663,0.9962523422860712,0.1371917724609375,0.0244293212890625
cju5wrrs0m2af0818vmnajbtw.jpg,500,0.30117069486404835,0.17728131599422028,0.1773996218440663,0.9962523422860712,0.1371917724609375,0.0244293212890625
cju3yht87j83m08507yk1u1fg.jpg,0,0.7847789115646259,0.6457910573087957,0.9987554785996429,0.6463111453482264,0.2819976806640625,0.4357757568359375
cju3yht87j83m08507yk1u1fg.jpg,50,0.7843654304185097,0.6452312644321601,0.9987544002166261,0.6457509016422144,0.2817535400390625,0.4357757568359375
cju3yht87j83m08507yk1u1fg.jpg,100,0.7843654304185097,0.6452312644321601,0.9987544002166261,0.6457509016422144,0.2817535400390625,0.4357757568359375
cju3yht87j83m08507yk1u1fg.jpg,200,0.7843654304185097,0.6452312644321601,0.9987544002166261,0.6457509016422144,0.2817535400390625,0.4357757568359375
cju3yht87j83m08507yk1u1fg.jpg,500,0.7843654304185097,0.6452312644321601,0.9987544002166261,0.6457509016422144,0.2817535400390625,0.4357757568359375
cju5wtdu4m0im0871mix0yvc0.jpg,0,0.6410713425502191,0.4717476072314782,0.47606782571367245,0.981126511353583,0.2132720947265625,0.103485107421875
cju5wtdu4m0im0871mix0yvc0.jpg,50,0.641102225647943,0.4717810550198525,0.47610188895249,0.981126511353583,0.2132568359375,0.103485107421875
cju5wtdu4m0im0871mix0yvc0.jpg,100,0.641102225647943,0.4717810550198525,0.47610188895249,0.981126511353583,0.2132568359375,0.103485107421875
cju5wtdu4m0im0871mix0yvc0.jpg,200,0.641102225647943,0.4717810550198525,0.47610188895249,0.981126511353583,0.2132568359375,0.103485107421875
cju5wtdu4m0im0871mix0yvc0.jpg,500,0.641102225647943,0.4717810550198525,0.47610188895249,0.981126511353583,0.2132568359375,0.103485107421875
cju7ecl9i2i060987xawjp4l0.jpg,0,0.624955779046849,0.45449867685974715,0.5208271911721349,0.7811256395679363,0.3622894287109375,0.2415618896484375
cju7ecl9i2i060987xawjp4l0.jpg,50,0.6249715715260404,0.4545153820707906,0.5208491281273692,0.7811256395679363,0.362274169921875,0.2415618896484375
cju7ecl9i2i060987xawjp4l0.jpg,100,0.6249715715260404,0.4545153820707906,0.5208491281273692,0.7811256395679363,0.362274169921875,0.2415618896484375
cju7ecl9i2i060987xawjp4l0.jpg,200,0.6249715715260404,0.4545153820707906,0.5208491281273692,0.7811256395679363,0.362274169921875,0.2415618896484375
cju7ecl9i2i060987xawjp4l0.jpg,500,0.6249715715260404,0.4545153820707906,0.5208491281273692,0.7811256395679363,0.362274169921875,0.2415618896484375
cju2y5zas8m7f0801d34g5owq.jpg,0,0.487268557552865,0.32211174031301554,0.6391223568963992,0.39372138652714195,0.1724700927734375,0.27996826171875
cju2y5zas8m7f0801d34g5owq.jpg,50,0.48740006072259895,0.3222266827244748,0.6395750332005312,0.39372138652714195,0.1723480224609375,0.27996826171875
cju2y5zas8m7f0801d34g5owq.jpg,100,0.48740006072259895,0.3222266827244748,0.6395750332005312,0.39372138652714195,0.1723480224609375,0.27996826171875
cju2y5zas8m7f0801d34g5owq.jpg,200,0.48740006072259895,0.3222266827244748,0.6395750332005312,0.39372138652714195,0.1723480224609375,0.27996826171875
cju2y5zas8m7f0801d34g5owq.jpg,500,0.48740006072259895,0.3222266827244748,0.6395750332005312,0.39372138652714195,0.1723480224609375,0.27996826171875
